Date_reported,New_cases,Cumulative_cases,New_deaths,Cumulative_deaths
1/3/20,0,0,0,0
1/4/20,0,0,0,0
1/5/20,0,0,0,0
1/6/20,0,0,0,0
1/7/20,0,0,0,0
1/8/20,0,0,0,0
1/9/20,0,0,0,0
1/10/20,0,0,0,0
1/11/20,0,0,0,0
1/12/20,0,0,0,0
1/13/20,0,0,0,0
1/14/20,0,0,0,0
1/15/20,0,0,0,0
1/16/20,0,0,0,0
1/17/20,0,0,0,0
1/18/20,0,0,0,0
1/19/20,0,0,0,0
1/20/20,1,1,0,0
1/21/20,0,1,0,0
1/22/20,0,1,0,0
1/23/20,0,1,0,0
1/24/20,0,1,0,0
1/25/20,5,6,0,0
1/26/20,1,7,0,0
1/27/20,0,7,0,0
1/28/20,1,8,0,0
1/29/20,0,8,0,0
1/30/20,0,8,0,0
1/31/20,0,8,0,0
2/1/20,0,8,0,0
2/2/20,1,9,0,0
2/3/20,1,10,0,0
2/4/20,3,13,0,0
2/5/20,4,17,0,0
2/6/20,2,19,0,0
2/7/20,0,19,0,0
2/8/20,0,19,0,0
2/9/20,1,20,0,0
2/10/20,0,20,0,0
2/11/20,0,20,0,0
2/12/20,0,20,0,0
2/13/20,0,20,0,0
2/14/20,2,22,0,0
2/15/20,1,23,0,0
2/16/20,1,24,0,0
2/17/20,0,24,0,0
2/18/20,0,24,0,0
2/19/20,2,26,0,0
2/20/20,5,31,0,0
2/21/20,3,34,0,0
2/22/20,1,35,0,0
2/23/20,5,40,0,0
2/24/20,8,48,0,0
2/25/20,0,48,0,0
2/26/20,4,52,0,0
2/27/20,4,56,0,0
2/28/20,8,64,0,0
2/29/20,5,69,1,1
3/1/20,4,73,0,1
3/2/20,9,82,1,2
3/3/20,18,100,0,2
3/4/20,35,135,6,8
3/5/20,51,186,3,11
3/6/20,70,256,2,13
3/7/20,78,334,3,16
3/8/20,130,464,3,19
3/9/20,146,610,5,24
3/10/20,212,822,4,28
3/11/20,390,1212,4,32
3/12/20,497,1709,7,39
3/13/20,525,2234,12,51
3/14/20,727,2961,7,58
3/15/20,968,3929,11,69
3/16/20,1219,5148,13,82
3/17/20,2135,7283,18,100
3/18/20,2369,9652,21,121
3/19/20,3229,12881,28,149
3/20/20,4862,17743,64,213
3/21/20,6113,23856,69,282
3/22/20,7559,31415,92,374
3/23/20,9110,40525,112,486
3/24/20,10765,51290,118,604
3/25/20,10754,62044,164,768
3/26/20,11332,73376,209,977
3/27/20,14115,87491,301,1278
3/28/20,18474,105965,341,1619
3/29/20,20344,126309,487,2106
3/30/20,20673,146982,556,2662
3/31/20,26161,173143,665,3327
4/1/20,15536,188679,631,3958
4/2/20,23260,211939,982,4940
4/3/20,28674,240613,1121,6061
4/4/20,29790,270403,1311,7372
4/5/20,32057,302460,1376,8748
4/6/20,32134,334594,1540,10288
4/7/20,26984,361578,1873,12161
4/8/20,28629,390207,1691,13852
4/9/20,29355,419562,2093,15945
4/10/20,34148,453710,2221,18166
4/11/20,34743,488453,2230,20396
4/12/20,33179,521632,2241,22637
4/13/20,31535,553167,2192,24829
4/14/20,27094,580261,1857,26686
4/15/20,25244,605505,1905,28591
4/16/20,25259,630764,2432,31023
4/17/20,25208,655972,2731,33754
4/18/20,31494,687466,2445,36199
4/19/20,30316,717782,2336,38535
4/20/20,28281,746063,1848,40383
4/21/20,26070,772133,1993,42376
4/22/20,26428,798561,2077,44453
4/23/20,25927,824488,2673,47126
4/24/20,30470,854958,2221,49347
4/25/20,33211,888169,1984,51331
4/26/20,34778,922947,2103,53434
4/27/20,33603,956550,1892,55326
4/28/20,26063,982613,1535,56861
4/29/20,23758,1006371,1489,58350
4/30/20,23935,1030306,2111,60461
5/1/20,26774,1057080,2417,62878
5/2/20,31221,1088301,2238,65116
5/3/20,33082,1121383,1953,67069
5/4/20,28292,1149675,1609,68678
5/5/20,25927,1175602,1412,70090
5/6/20,22324,1197926,1271,71361
5/7/20,22878,1220804,2434,73795
5/8/20,25440,1246244,2341,76136
5/9/20,28552,1274796,2033,78169
5/10/20,28833,1303629,1658,79827
5/11/20,25917,1329546,1491,81318
5/12/20,20656,1350202,1073,82391
5/13/20,19950,1370152,1034,83425
5/14/20,23902,1394054,1533,84958
5/15/20,17336,1411390,1507,86465
5/16/20,34643,1446033,1943,88408
5/17/20,26628,1472661,1549,89957
5/18/20,26081,1498742,1239,91196
5/19/20,19917,1518659,927,92123
5/20/20,22744,1541403,946,93069
5/21/20,21923,1563326,1179,94248
5/22/20,23506,1586832,1374,95622
5/23/20,26191,1613023,1083,96705
5/24/20,25963,1638986,1810,98515
5/25/20,21465,1660451,937,99452
5/26/20,20651,1681102,788,100240
5/27/20,19379,1700481,687,100927
5/28/20,17510,1717991,811,101738
5/29/20,19508,1737499,1285,103023
5/30/20,24182,1761681,1251,104274
5/31/20,23741,1785422,1051,105325
6/1/20,24127,1809549,906,106231
6/2/20,21466,1831015,673,106904
6/3/20,17157,1848172,691,107595
6/4/20,20974,1869146,934,108529
6/5/20,20695,1889841,1022,109551
6/6/20,20870,1910711,885,110436
6/7/20,24491,1935202,876,111312
6/8/20,23285,1958487,669,111981
6/9/20,18455,1976942,593,112574
6/10/20,18151,1995093,776,113350
6/11/20,18581,2013674,827,114177
6/12/20,22181,2035855,882,115059
6/13/20,22890,2058745,888,115947
6/14/20,28333,2087078,735,116682
6/15/20,26434,2113512,685,117367
6/16/20,20778,2134290,489,117856
6/17/20,20591,2154881,525,118381
6/18/20,24777,2179658,674,119055
6/19/20,25816,2205474,684,119739
6/20/20,28520,2233994,643,120382
6/21/20,33105,2267099,755,121137
6/22/20,33467,2300566,576,121713
6/23/20,27345,2327911,413,122126
6/24/20,28698,2356609,415,122541
6/25/20,37887,2394496,746,123287
6/26/20,37320,2431816,692,123979
6/27/20,47021,2478837,2533,126512
6/28/20,46540,2525377,706,127218
6/29/20,43653,2569030,593,127811
6/30/20,37583,2606613,439,128250
7/1/20,38517,2645130,461,128711
7/2/20,47253,2692383,662,129373
7/3/20,59342,2751725,782,130155
7/4/20,55452,2807177,704,130859
7/5/20,60366,2867543,810,131669
7/6/20,48978,2916521,539,132208
7/7/20,40413,2956934,460,132668
7/8/20,50763,3007697,598,133266
7/9/20,56754,3064451,928,134194
7/10/20,64775,3129226,1079,135273
7/11/20,61943,3191169,961,136234
7/12/20,68579,3259748,964,137198
7/13/20,68262,3328010,889,138087
7/14/20,58680,3386690,840,138927
7/15/20,56287,3442977,731,139658
7/16/20,64516,3507493,914,140572
7/17/20,72389,3579882,1122,141694
7/18/20,69181,3649063,1089,142783
7/19/20,76952,3726015,1081,143864
7/20/20,67324,3793339,1005,144869
7/21/20,60012,3853351,932,145801
7/22/20,58519,3911870,867,146668
7/23/20,63336,3975206,1193,147861
7/24/20,72416,4047622,1191,149052
7/25/20,73142,4120764,1254,150306
7/26/20,73152,4193916,1284,151590
7/27/20,61596,4255512,1148,152738
7/28/20,57759,4313271,951,153689
7/29/20,54007,4367278,936,154625
7/30/20,58708,4425986,1163,155788
7/31/20,64855,4490841,1179,156967
8/1/20,66141,4556982,1400,158367
8/2/20,68184,4625166,1369,159736
8/3/20,56412,4681578,1164,160900
8/4/20,50849,4732427,922,161822
8/5/20,45329,4777756,853,162675
8/6/20,52056,4829812,1072,163747
8/7/20,55592,4885404,1260,165007
8/8/20,53165,4938569,1211,166218
8/9/20,62506,5001075,1317,167535
8/10/20,51679,5052754,1043,168578
8/11/20,46473,5099227,900,169478
8/12/20,43377,5142604,795,170273
8/13/20,58958,5201562,1098,171371
8/14/20,54392,5255954,1326,172697
8/15/20,51522,5307476,1195,173892
8/16/20,56261,5363737,1047,174939
8/17/20,51137,5414874,952,175891
8/18/20,41495,5456369,889,176780
8/19/20,41589,5497958,637,177417
8/20/20,41625,5539583,928,178345
8/21/20,46574,5586157,1264,179609
8/22/20,46187,5632344,1000,180609
8/23/20,47181,5679525,1007,181616
8/24/20,42550,5722075,1006,182622
8/25/20,36210,5758285,836,183458
8/26/20,35716,5794001,584,184042
8/27/20,40574,5834575,880,184922
8/28/20,46430,5881005,1062,185984
8/29/20,46920,5927925,940,186924
8/30/20,46546,5974471,1035,187959
8/31/20,40908,6015379,839,188798
9/1/20,36635,6052014,717,189515
9/2/20,38696,6090710,553,190068
9/3/20,39178,6129888,860,190928
9/4/20,43647,6173535,884,191812
9/5/20,45272,6218807,948,192760
9/6/20,50917,6269724,904,193664
9/7/20,41129,6310853,801,194465
9/8/20,34237,6345090,685,195150
9/9/20,24876,6369966,417,195567
9/10/20,28054,6398020,553,196120
9/11/20,34660,6432680,826,196946
9/12/20,38583,6471263,832,197778
9/13/20,44082,6515345,863,198641
9/14/20,40371,6555716,662,199303
9/15/20,32888,6588604,720,200023
9/16/20,34336,6622940,359,200382
9/17/20,36815,6659755,801,201183
9/18/20,43910,6703665,1099,202282
9/19/20,44530,6748195,732,203014
9/20/20,48127,6796322,803,203817
9/21/20,42181,6838503,674,204491
9/22/20,34450,6872953,484,204975
9/23/20,41398,6914351,537,205512
9/24/20,49528,6963879,660,206172
9/25/20,41641,7005520,903,207075
9/26/20,45961,7051481,740,207815
9/27/20,49615,7101096,778,208593
9/28/20,42035,7143131,664,209257
9/29/20,35551,7178682,502,209759
9/30/20,38402,7217084,400,210159
10/1/20,38881,7255965,795,210954
10/2/20,45920,7301885,686,211640
10/3/20,46624,7348509,733,212373
10/4/20,50935,7399444,907,213280
10/5/20,47727,7447171,565,213845
10/6/20,35774,7482945,598,214443
10/7/20,41602,7524547,508,214951
10/8/20,41654,7566201,635,215586
10/9/20,52594,7618795,782,216368
10/10/20,56104,7674899,735,217103
10/11/20,58794,7733693,792,217895
10/12/20,54216,7787909,681,218576
10/13/20,44423,7832332,573,219149
10/14/20,49144,7881476,497,219646
10/15/20,50497,7931973,652,220298
10/16/20,57229,7989202,821,221119
10/17/20,63046,8052248,697,221816
10/18/20,69079,8121327,880,222696
10/19/20,54548,8175875,693,223389
10/20/20,48887,8224762,733,224122
10/21/20,61362,8286124,612,224734
10/22/20,58741,8344865,791,225525
10/23/20,68657,8413522,1059,226584
10/24/20,74903,8488425,916,227500
10/25/20,82340,8570765,919,228419
10/26/20,76181,8646946,836,229255
10/27/20,65610,8712556,601,229856
10/28/20,69584,8782140,682,230538
10/29/20,74961,8857101,896,231434
10/30/20,84410,8941511,1063,232497
10/31/20,91130,9032641,1110,233607
11/1/20,97518,9130159,908,234515
11/2/20,92783,9222942,942,235457
11/3/20,141582,9364524,708,236165
11/4/20,87188,9451712,738,236903
11/5/20,98499,9550211,1031,237934
11/6/20,113875,9664086,1298,239232
11/7/20,122830,9786916,1227,240459
11/8/20,133337,9920253,1260,241719
11/9/20,129810,10050063,1095,242814
11/10/20,111648,10161711,882,243696
11/11/20,124487,10286198,930,244626
11/12/20,145951,10432149,1674,246300
11/13/20,153660,10585809,1518,247818
11/14/20,162300,10748109,1347,249165
11/15/20,176989,10925098,1271,250436
11/16/20,164239,11089337,1472,251908
11/17/20,137564,11226901,1027,252935
11/18/20,153374,11380275,1018,253953
11/19/20,167352,11547627,1591,255544
11/20/20,170904,11718531,1833,257377
11/21/20,188681,11907212,1920,259297
11/22/20,193369,12100581,1959,261256
11/23/20,173861,12274442,1724,262980
11/24/20,149783,12424225,1303,264283
11/25/20,160411,12584636,1413,265696
11/26/20,175183,12759819,1889,267585
11/27/20,194100,12953919,2289,269874
11/28/20,145029,13098948,1674,271548
11/29/20,164034,13262982,1658,273206
11/30/20,144575,13407557,1506,274712
12/1/20,141072,13548629,1281,275993
12/2/20,151905,13700534,1546,277539
12/3/20,192718,13893252,2379,279918
12/4/20,210074,14103326,2756,282674
12/5/20,216782,14320108,2740,285414
12/6/20,223806,14543914,2593,288007
12/7/20,205575,14749489,2376,290383
12/8/20,176909,14926398,1588,291971
12/9/20,183091,15109489,1973,293944
12/10/20,226982,15336471,2561,296505
12/11/20,221251,15557722,3323,299828
12/12/20,208835,15766557,2705,302533
12/13/20,245839,16012396,3188,305721
12/14/20,217153,16229549,2440,308161
12/15/20,181275,16410824,2037,310198
12/16/20,198204,16609028,1955,312153
12/17/20,198650,16807678,2758,314911
12/18/20,240266,17047944,3389,318300
12/19/20,246505,17294449,3338,321638
12/20/20,235875,17530324,2949,324587
12/21/20,202289,17732613,2727,327314
12/22/20,186429,17919042,2090,329404
12/23/20,183553,18102595,2129,331533
12/24/20,197759,18300354,2891,334424
12/25/20,226200,18526554,3238,337662
12/26/20,202550,18729104,3021,340683
12/27/20,161342,18890446,2237,342920
12/28/20,147119,19037565,1650,344570
12/29/20,154342,19191907,1903,346473
12/30/20,176774,19368681,2180,348653
12/31/20,208904,19577585,3351,352004
1/1/21,235818,19813403,3763,355767
1/2/21,229492,20042895,3754,359521
1/3/21,228546,20271441,3049,362570
1/4/21,225318,20496759,2384,364954
1/5/21,205458,20702217,2044,366998
1/6/21,174314,20876531,2029,369027
1/7/21,242441,21118972,3496,372523
1/8/21,257750,21376722,3855,376378
1/9/21,269765,21646487,3978,380356
1/10/21,292105,21938592,3711,384067
1/11/21,256294,22194886,3411,387478
1/12/21,224484,22419370,2555,390033
1/13/21,204122,22623492,2534,392567
1/14/21,217776,22841268,3600,396167
1/15/21,226378,23067646,4066,400233
1/16/21,223583,23291229,3762,403995
1/17/21,237318,23528547,3384,407379
1/18/21,209511,23738058,3549,410928
1/19/21,186583,23924641,2600,413528
1/20/21,154205,24078846,2250,415778
1/21/21,150233,24229079,2738,418516
1/22/21,188266,24417345,3826,422342
1/23/21,187644,24604989,3853,426195
1/24/21,189419,24794408,3679,429874
1/25/21,165512,24959920,3073,432947
1/26/21,141554,25101474,2477,435424
1/27/21,135591,25237065,2037,437461
1/28/21,145943,25383008,3576,441037
1/29/21,158965,25541973,3950,444987
1/30/21,156822,25698795,3870,448857
1/31/21,164238,25863033,3266,452123
2/1/21,138823,26001856,2827,454950
2/2/21,111938,26113794,2291,457241
2/3/21,129043,26242837,2229,459470
2/4/21,121330,26364167,2947,462417
2/5/21,108669,26472836,3280,465697
2/6/21,122620,26595456,3127,468824
2/7/21,124827,26720283,3399,472223
2/8/21,110180,26830463,2803,475026
2/9/21,92931,26923394,1771,476797
2/10/21,80726,27004120,1668,478465
2/11/21,91417,27095537,2470,480935
2/12/21,98339,27193876,2813,483748
2/13/21,99548,27293424,3252,487000
2/14/21,97431,27390855,5061,492061
2/15/21,85221,27476076,3316,495377
2/16/21,67413,27543489,1572,496949
2/17/21,58066,27601555,1387,498336
2/18/21,56871,27658426,1407,499743
2/19/21,63770,27722196,2181,501924
2/20/21,68568,27790764,2247,504171
2/21/21,73576,27864340,2322,506493
2/22/21,65510,27929850,1839,508332
2/23/21,56628,27986478,1525,509857
2/24/21,55821,28042299,1487,511344
2/25/21,70162,28112461,1718,513062
2/26/21,72358,28184819,1975,515037
2/27/21,71998,28256817,2850,517887
2/28/21,73274,28330091,1966,519853
3/1/21,68298,28398389,1634,521487
3/2/21,52570,28450959,1026,522513
3/3/21,51114,28502073,1323,523836
3/4/21,53761,28555834,1128,524964
3/5/21,66043,28621877,1896,526860
3/6/21,64859,28686736,1515,528375
3/7/21,64094,28750830,1924,530299
3/8/21,57710,28808540,1277,531576
3/9/21,43758,28852298,895,532471
3/10/21,42703,28895001,802,533273
3/11/21,54088,28949089,1201,534474
3/12/21,61755,29010844,1576,536050
3/13/21,59764,29070608,1317,537367
3/14/21,64222,29134830,1491,538858
3/15/21,52274,29187104,958,539816
3/16/21,47230,29234334,651,540467
3/17/21,43532,29277866,693,541160
3/18/21,51806,29329672,853,542013
3/19/21,59588,29389260,1075,543088
3/20/21,63099,29452359,956,544044
3/21/21,62022,29514381,1078,545122
3/22/21,58456,29572837,718,545840
3/23/21,45228,29618065,553,546393
3/24/21,48228,29666293,938,547331
3/25/21,57684,29723977,753,548084
3/26/21,68021,29791998,1126,549210
3/27/21,65367,29857365,981,550191
3/28/21,74834,29932199,1042,551233
3/29/21,63203,29995402,851,552084
3/30/21,53256,30048658,618,552702
3/31/21,58014,30106672,548,553250
4/1/21,61789,30168461,729,553979
4/2/21,69567,30238028,948,554927
4/3/21,73685,30311713,816,555743
4/4/21,70446,30382159,842,556585
4/5/21,63695,30445854,708,557293
4/6/21,45722,30491576,532,557825
4/7/21,56400,30547976,362,558187
4/8/21,63657,30611633,749,558936
4/9/21,74627,30686260,821,559757
4/10/21,75434,30761694,867,560624
4/11/21,76415,30838109,864,561488
4/12/21,68111,30906220,740,562228
4/13/21,53239,30959459,468,562696
4/14/21,60435,31019894,533,563229
4/15/21,72206,31092100,751,563980
4/16/21,70654,31162754,782,564762
4/17/21,71498,31234252,794,565556
4/18/21,71074,31305326,807,566363
4/19/21,77212,31382538,627,566990
4/20/21,49337,31431875,499,567489
4/21/21,35281,31467156,463,567952
4/22/21,57318,31524474,746,568698
4/23/21,63049,31587523,767,569465
4/24/21,61479,31649002,784,570249
4/25/21,62419,31711421,835,571084
4/26/21,51698,31763119,654,571738
4/27/21,40847,31803966,435,572173
4/28/21,30199,31834165,467,572640
4/29/21,50313,31884478,546,573186
4/30/21,54396,31938874,832,574018
5/1/21,55643,31994517,753,574771
5/2/21,55311,32049828,806,575577
5/3/21,48352,32098180,616,576193
5/4/21,36593,32134773,500,576693
5/5/21,32953,32167726,470,577163
5/6/21,42552,32210278,674,577837
5/7/21,44541,32254819,714,578551
5/8/21,42692,32297511,671,579222
5/9/21,44641,32342152,806,580028
5/10/21,37021,32379173,609,580637
5/11/21,27538,32406711,408,581045
5/12/21,24383,32431094,395,581440
5/13/21,33073,32464167,598,582038
5/14/21,35784,32499951,679,582717
5/15/21,40435,32540386,583,583300
5/16/21,35116,32575502,701,584001
5/17/21,29837,32605339,442,584443
5/18/21,21375,32626714,437,584880
5/19/21,19453,32646167,362,585242
5/20/21,27639,32673806,610,585852
5/21/21,27491,32701297,583,586435
5/22/21,27948,32729245,541,586976
5/23/21,27866,32757111,649,587625
5/24/21,22224,32779335,409,588034
5/25/21,16030,32795365,287,588321
5/26/21,14761,32810126,555,588876
5/27/21,24571,32834697,518,589394
5/28/21,23475,32858172,517,589911
5/29/21,21970,32880142,545,590456
5/30/21,24780,32904922,703,591159
5/31/21,15628,32920550,301,591460
6/1/21,12350,32932900,254,591714
6/2/21,9408,32942308,232,591946
6/3/21,8935,32951243,332,592278
6/4/21,16048,32967291,492,592770
6/5/21,18151,32985442,478,593248
6/6/21,18592,33004034,586,593834
6/7/21,14734,33018768,394,594228
6/8/21,11084,33029852,423,594651
6/9/21,9898,33039750,322,594973
6/10/21,14314,33054064,313,595286
6/11/21,19640,33073704,387,595673
6/12/21,15924,33089628,382,596055
6/13/21,13971,33103599,403,596458
6/14/21,12350,33115949,208,596666
6/15/21,8721,33124670,152,596818
6/16/21,8275,33132945,199,597017
6/17/21,12616,33145561,316,597333
6/18/21,13220,33158781,336,597669
6/19/21,13484,33172265,279,597948
6/20/21,11961,33184226,272,598220
6/21/21,12350,33196576,251,598471
6/22/21,9047,33205623,223,598694
6/23/21,8568,33214191,266,598960
6/24/21,13288,33227479,308,599268
6/25/21,13841,33241320,326,599594
6/26/21,15572,33256892,315,599909
6/27/21,14971,33271863,412,600321
6/28/21,13294,33285157,242,600563
6/29/21,10676,33295833,173,600736
6/30/21,10438,33306271,183,600919
7/1/21,15514,33321785,282,601201
7/2/21,11639,33333424,244,601445
7/3/21,18586,33352010,289,601734
7/4/21,16890,33368900,304,602038
7/5/21,13189,33382089,152,602190
7/6/21,10459,33392548,125,602315
7/7/21,9147,33401695,103,602418
7/8/21,19962,33421657,301,602719
7/9/21,22636,33444293,250,602969
7/10/21,183538,33627831,262,603231
7/11/21,27579,33655410,316,603547
7/12/21,20875,33676285,149,603696
7/13/21,16722,33693007,119,603815
7/14/21,28892,33721899,295,604110
7/15/21,34978,33756877,337,604447
7/16/21,38299,33795176,342,604789
7/17/21,40555,33835731,319,605108
7/18/21,42258,33877989,370,605478
7/19/21,32139,33910128,183,605661
7/20/21,27993,33938121,146,605807
7/21/21,45195,33983316,284,606091
7/22/21,51040,34034356,320,606411
7/23/21,61313,34095669,399,606810
7/24/21,71708,34167377,338,607148
7/25/21,69639,34237016,414,607562
7/26/21,53795,34290811,254,607816
7/27/21,43206,34334017,249,608065
7/28/21,71245,34405262,411,608476
7/29/21,85805,34491067,499,608975
7/30/21,89149,34580216,494,609469
7/31/21,99367,34679583,495,609964
8/1/21,104519,34784102,525,610489
8/2/21,80567,34864669,395,610884
8/3/21,61188,34925857,370,611254
8/4/21,102409,35028266,656,611910
8/5/21,110283,35138549,700,612610
8/6/21,126833,35265382,741,613351
8/7/21,127854,35393236,753,614104
8/8/21,133922,35527158,838,614942
8/9/21,120252,35647410,648,615590
8/10/21,96790,35744200,527,616117
8/11/21,93050,35837250,720,616837
8/12/21,135427,35972677,961,617798
8/13/21,143479,36116156,612,618410
8/14/21,151161,36267317,973,619383
8/15/21,146305,36413622,1196,620579
8/16/21,139848,36553470,904,621483
8/17/21,110712,36664182,679,622162
8/18/21,108955,36773137,845,623007
8/19/21,150448,36923585,1193,624200
8/20/21,168162,37091747,1497,625697
8/21/21,174382,37266129,1381,627078
8/22/21,167459,37433588,1556,628634
8/23/21,141824,37575412,1169,629803
8/24/21,124481,37699893,899,630702
8/25/21,120825,37820718,1205,631907
8/26/21,162414,37983132,1655,633562
8/27/21,176904,38160036,1658,635220
8/28/21,186271,38346307,1760,636980
8/29/21,182171,38528478,1837,638817
8/30/21,150022,38678500,1460,640277
8/31/21,115672,38794172,1183,641460
9/1/21,138600,38932772,1243,642703
9/2/21,176801,39109573,1807,644510
9/3/21,197627,39307200,2015,646525
9/4/21,183417,39490617,2028,648553
9/5/21,182112,39672729,1973,650526
9/6/21,141762,39814491,1490,652016
9/7/21,123082,39937573,1324,653340
9/8/21,116004,40053577,1092,654432
9/9/21,114676,40168253,1522,655954
9/10/21,171241,40339494,2119,658073
9/11/21,183714,40523208,2246,660319
9/12/21,172091,40695299,2292,662611
9/13/21,153543,40848842,1739,664350
9/14/21,113838,40962680,1140,665490
9/15/21,118971,41081651,1352,666842
9/16/21,162147,41243798,2413,669255
9/17/21,163128,41406926,2499,671754
9/18/21,167335,41574261,2108,673862
9/19/21,158492,41732753,2339,676201
9/20/21,122574,41855327,1589,677790
9/21/21,94644,41949971,1194,678984
9/22/21,98378,42048349,1368,680352
9/23/21,132981,42181330,2345,682697
9/24/21,132730,42314060,2350,685047
9/25/21,138256,42452316,2073,687120
9/26/21,132731,42585047,2465,689585
9/27/21,96166,42681213,1435,691020
9/28/21,75238,42756451,1019,692039
9/29/21,107319,42863770,1957,693996
9/30/21,115452,42979222,2155,696151
10/1/21,116797,43096019,2253,698404
10/2/21,124042,43220061,1962,700366
10/3/21,120674,43340735,2211,702577
10/4/21,81968,43422703,1287,703864
10/5/21,66639,43489342,942,704806
10/6/21,91816,43581158,1356,706162
10/7/21,101799,43682957,2055,708217
10/8/21,118223,43801180,2053,710270
10/9/21,113038,43914218,1738,712008
10/10/21,108501,44022719,2253,714261
10/11/21,70589,44093308,1051,715312
10/12/21,58449,44151757,1013,716325
10/13/21,77961,44229718,1024,717349
10/14/21,89638,44319356,1914,719263
10/15/21,96312,44415668,1846,721109
10/16/21,96871,44512539,1576,722685
10/17/21,92417,44604956,2038,724723
10/18/21,63002,44667958,892,725615
10/19/21,47645,44715603,695,726310
10/20/21,72322,44787925,2330,728640
10/21/21,80595,44868520,1849,730489
10/22/21,76534,44945054,1841,732330
10/23/21,87571,45032625,1523,733853
10/24/21,80874,45113499,1961,735814
10/25/21,36114,45149613,654,736468
10/26/21,28057,45177670,347,736815
10/27/21,84460,45262130,1030,737845
10/28/21,101787,45363917,2052,739897
10/29/21,84199,45448116,1765,741662
10/30/21,103121,45551237,1277,742939
10/31/21,88448,45639685,1790,744729
11/1/21,34950,45674635,453,745182
11/2/21,25347,45699982,302,745484
11/3/21,117847,45817829,1196,746680
11/4/21,74593,45892422,1450,748130
11/5/21,78766,45971188,1188,749318
11/6/21,88850,46060038,1204,750522
11/7/21,89858,46149896,1614,752136
11/8/21,35987,46185883,476,752612
11/9/21,31524,46217407,256,752868
11/10/21,116391,46333798,1161,754029
11/11/21,82883,46416681,1587,755616
11/12/21,93749,46510430,1345,756961
11/13/21,73647,46584077,970,757931
11/14/21,122999,46707076,1734,759665
11/15/21,69276,46776352,544,760209
11/16/21,33593,46809945,217,760426
11/17/21,133590,46943535,1080,761506
11/18/21,96915,47040450,1464,762970
11/19/21,105810,47146260,1442,764412
11/20/21,123870,47270130,3867,768279
11/21/21,113822,47383952,1662,769941
11/22/21,46194,47430146,374,770315
11/23/21,38751,47468897,177,770492
11/24/21,145378,47614275,1177,771669
11/25/21,101066,47715341,1560,773229
11/26/21,106535,47821876,1374,774603
11/27/21,72723,47894599,465,775068
11/28/21,81747,47976346,563,775631
11/29/21,51800,48028146,214,775845
11/30/21,56537,48084683,193,776038
12/1/21,93479,48178162,1663,777701
12/2/21,120690,48298852,1622,779323
12/3/21,133075,48431927,1727,781050
12/4/21,143869,48575796,1244,782294
12/5/21,151567,48727363,1641,783935
12/6/21,67352,48794715,572,784507
12/7/21,55314,48850029,281,784788
12/8/21,184043,49034072,1288,786076
12/9/21,125548,49159620,1832,787908
12/10/21,129708,49289328,1480,789388
12/11/21,137431,49426759,1162,790550
12/12/21,135573,49562332,1971,792521
12/13/21,63967,49626299,490,793011
12/14/21,58109,49684408,306,793317
12/15/21,185683,49870091,1312,794629
12/16/21,125442,49995533,1908,796537
12/17/21,146477,50142010,1900,798437
12/18/21,162668,50304678,1115,799552
12/19/21,156763,50461441,2034,801586
12/20/21,87584,50549025,590,802176
12/21/21,102213,50651238,286,802462
12/22/21,266159,50917397,1467,803929
12/23/21,203318,51120715,2259,806188
12/24/21,237883,51358598,1854,808042
12/25/21,278812,51637410,3177,811219
12/26/21,241450,51878860,1368,812587
12/27/21,115824,51994684,262,812849
12/28/21,211284,52205968,266,813115
12/29/21,464495,52670463,1786,814901
12/30/21,389514,53059977,2331,817232
12/31/21,474309,53534286,1823,819055
1/1/22,584647,54118933,1334,820389
1/2/22,471965,54590898,1344,821733
1/3/22,302957,54893855,430,822163
1/4/22,390858,55284713,374,822537
1/5/22,902391,56187104,1672,824209
1/6/22,732514,56919618,2840,827049
1/7/22,702790,57622408,1846,828895
1/8/22,798436,58420844,2088,830983
1/9/22,852951,59273795,2466,833449
1/10/22,448743,59722538,869,834318
1/11/22,486541,60209079,699,835017
1/12/22,1265520,61474599,1962,836979
1/13/22,803539,62278138,3189,840168
1/14/22,855880,63134018,2480,842648
1/15/22,892303,64026321,2179,844827
1/16/22,898407,64924728,3002,847829
1/17/22,465957,65390685,1380,849209
1/18/22,418737,65809422,873,850082
1/19/22,968465,66777887,1453,851535
1/20/22,856293,67634180,2642,854177
1/21/22,780466,68414646,3259,857436
1/22/22,776490,69191136,2901,860337
1/23/22,776480,69967616,3800,864137
1/24/22,328564,70296180,1218,865355
1/25/22,314947,70611127,960,866315
1/26/22,1011148,71622275,2784,869099
1/27/22,493232,72115507,3530,872629
1/28/22,545225,72660732,3409,876038
1/29/22,572820,73233552,2898,878936
1/30/22,523326,73756878,3604,882540
1/31/22,222172,73979050,1516,884056
2/1/22,158214,74137264,925,884981
2/2/22,576521,74713785,2779,887760
2/3/22,296458,75010243,4076,891836
2/4/22,303405,75313648,3218,895054
2/5/22,350050,75663698,2715,897769
2/6/22,281890,75945588,3425,901194
2/7/22,104762,76050350,1254,902448
2/8/22,96578,76146928,714,903162
2/9/22,305358,76452286,3301,906463
2/10/22,197921,76650207,3804,910267
2/11/22,196394,76846601,3005,913272
2/12/22,165790,77012391,2579,915851
2/13/22,155309,77167700,2893,918744
2/14/22,67888,77235588,969,919713
2/15/22,47904,77283492,727,920440
2/16/22,174293,77457785,2973,923413
2/17/22,108080,77565865,3370,926783
2/18/22,105714,77671579,2708,929491
2/19/22,100475,77772054,2316,931807
2/20/22,103802,77875856,2309,934116
2/21/22,40797,77916653,716,934832
2/22/22,31174,77947827,588,935420
2/23/22,48413,77996240,1100,936520
2/24/22,115022,78111262,3252,939772
2/25/22,73662,78184924,2611,942383
2/26/22,75062,78259986,2488,944871
2/27/22,74142,78334128,2291,947162
2/28/22,25662,78359790,576,947738
3/1/22,18169,78377959,360,948098
3/2/22,76237,78454196,2302,950400
3/3/22,63819,78518015,1971,952371
3/4/22,52784,78570799,1536,953907
3/5/22,51622,78622421,1364,955271
3/6/22,44216,78666637,1569,956840
3/7/22,14292,78680929,322,957162
3/8/22,8941,78689870,367,957529
3/9/22,57277,78747147,1530,959059
3/10/22,31172,78778319,1735,960794
3/11/22,46110,78824429,1957,962751
3/12/22,39598,78864027,1258,964009
3/13/22,36942,78900969,1437,965446
3/14/22,12159,78913128,506,965952
3/15/22,9126,78922254,195,966147
3/16/22,60969,78983223,-2437,963710
3/17/22,24495,79007718,1443,965153
3/18/22,37828,79045546,1500,966653
3/19/22,33159,79078705,1066,967719
3/20/22,31004,79109709,972,968691
3/21/22,9881,79119590,200,968891
3/22/22,10038,79129628,150,969041
3/23/22,38828,79168456,789,969830
3/24/22,24771,79193227,937,970767
3/25/22,45160,79238387,1244,972011
3/26/22,36077,79274464,895,972906
3/27/22,28714,79303178,776,973682
3/28/22,12511,79315689,180,973862
3/29/22,9753,79325442,95,973957
3/30/22,32427,79357869,686,974643
3/31/22,24078,79381947,732,975375
4/1/22,48239,79430186,1173,976548
4/2/22,40063,79470249,704,977252
4/3/22,27393,79497642,602,977854
4/4/22,11677,79509319,148,978002
4/5/22,10548,79519867,117,978119
4/6/22,26930,79546797,322,978441
4/7/22,33374,79580171,524,978965
4/8/22,42256,79622427,944,979909
4/9/22,33806,79656233,523,980432
4/10/22,42601,79698834,889,981321
4/11/22,14053,79712887,141,981462
4/12/22,17314,79730201,69,981531
4/13/22,34571,79764772,323,981854
4/14/22,28789,79793561,733,982587
4/15/22,46149,79839710,603,983190
4/16/22,62708,79902418,710,983900
4/17/22,44355,79946773,544,984444
4/18/22,16817,79963590,49,984493
4/19/22,18767,79982357,57,984550
4/20/22,36003,80018360,366,984916
4/21/22,53418,80071778,427,985343
4/22/22,57408,80129186,547,985890
4/23/22,49509,80178695,655,986545
4/24/22,68799,80247494,342,986887
4/25/22,23458,80270952,72,986959
4/26/22,21103,80292055,61,987020
4/27/22,49858,80341913,217,987237
4/28/22,64414,80406327,384,987621
4/29/22,77145,80483472,729,988350
4/30/22,61915,80545387,288,988638
5/1/22,80656,80626043,491,989129
5/2/22,25939,80651982,90,989219
5/3/22,26774,80678756,133,989352
5/4/22,64100,80742856,180,989532
5/5/22,72566,80815422,648,990180
5/6/22,100537,80915959,804,990984
5/7/22,80010,80995969,300,991284
5/8/22,95732,81091701,486,991770
5/9/22,27518,81119219,61,991831
5/10/22,31753,81150972,63,991894
5/11/22,100982,81251954,189,992083
5/12/22,100249,81352203,393,992476
5/13/22,127795,81479998,566,993042
5/14/22,98705,81578703,262,993304
5/15/22,117953,81696656,432,993736
5/16/22,29099,81725755,79,993815
5/17/22,46227,81771982,66,993881
5/18/22,123395,81895377,231,994112
5/19/22,129614,82024991,368,994480
5/20/22,146420,82171411,606,995086
5/21/22,109730,82281141,252,995338
5/22/22,150010,82431151,479,995817
5/23/22,36406,82467557,97,995914
5/24/22,44879,82512436,67,995981
5/25/22,110873,82623309,388,996369
5/26/22,133342,82756651,471,996840
5/27/22,153916,82910567,699,997539
5/28/22,113174,83023741,327,997866
5/29/22,148130,83171871,580,998446
5/30/22,36051,83207922,87,998533
5/31/22,35465,83243387,58,998591
6/1/22,55525,83298912,78,998669
6/2/22,155982,83454894,366,999035
6/3/22,140951,83595845,575,999610
6/4/22,111559,83707404,354,999964
6/5/22,140094,83847498,461,1000425
6/6/22,47471,83894969,87,1000512
6/7/22,43315,83938284,127,1000639
6/8/22,99664,84037948,297,1000936
6/9/22,152307,84190255,476,1001412
6/10/22,144559,84334814,642,1002054
6/11/22,105965,84440779,264,1002318
6/12/22,147763,84588542,391,1002709
6/13/22,37707,84626249,144,1002853
6/14/22,38721,84664970,91,1002944
6/15/22,91358,84756328,286,1003230
6/16/22,138010,84894338,419,1003649
6/17/22,143175,85037513,569,1004218
6/18/22,97574,85135087,301,1004519
6/19/22,125711,85260798,392,1004911
6/20/22,35853,85296651,96,1005007
6/21/22,35517,85332168,115,1005122
6/22/22,52244,85384412,140,1005262
6/23/22,186492,85570904,513,1005775
6/24/22,134198,85705102,625,1006400
6/25/22,101869,85806971,492,1006892
6/26/22,163464,85970435,520,1007412
6/27/22,44012,86014447,107,1007519
6/28/22,44178,86058625,76,1007595
6/29/22,96530,86155155,256,1007851
6/30/22,154793,86309948,625,1008476
7/1/22,148959,86458907,555,1009031
7/2/22,112856,86571763,476,1009507
7/3/22,172444,86744207,547,1010054
7/4/22,48178,86792385,138,1010192
7/5/22,46196,86838581,87,1010279
7/6/22,45747,86884328,119,1010398
7/7/22,169689,87054017,469,1010867
7/8/22,145751,87199768,601,1011468
7/9/22,120595,87320363,491,1011959
7/10/22,167613,87487976,549,1012508
7/11/22,55577,87543553,106,1012614
7/12/22,57136,87600689,111,1012725
7/13/22,113656,87714345,279,1013004
7/14/22,184135,87898480,651,1013655
7/15/22,156001,88054481,711,1014366
7/16/22,138983,88193464,455,1014821
7/17/22,182741,88376205,472,1015293
7/18/22,57577,88433782,154,1015447
7/19/22,56070,88489852,173,1015620
7/20/22,101687,88591539,351,1015971
7/21/22,179375,88770914,705,1016676
7/22/22,158884,88929798,675,1017351
7/23/22,148445,89078243,494,1017845
7/24/22,206657,89284900,635,1018480
7/25/22,53259,89338159,159,1018639
7/26/22,54599,89392758,173,1018812
7/27/22,106403,89499161,303,1019115
7/28/22,168680,89667841,631,1019746
7/29/22,160831,89828672,696,1020442
7/30/22,144834,89973506,520,1020962
7/31/22,259377,90232883,631,1021593
8/1/22,37913,90270796,137,1021730
8/2/22,37944,90308740,118,1021848
8/3/22,119038,90427778,400,1022248
8/4/22,161349,90589127,720,1022968
8/5/22,149835,90738962,715,1023683
8/6/22,131403,90870365,560,1024243
8/7/22,150569,91020934,611,1024854
8/8/22,33241,91054175,162,1025016
8/9/22,32807,91086982,121,1025137
8/10/22,98627,91185609,337,1025474
8/11/22,137268,91322877,800,1026274
8/12/22,138358,91461235,774,1027048
8/13/22,125122,91586357,587,1027635
8/14/22,136195,91722552,661,1028296
8/15/22,30589,91753141,132,1028428
8/16/22,21098,91774239,117,1028545
8/17/22,99341,91873580,343,1028888
8/18/22,126626,92000206,730,1029618
8/19/22,120016,92120222,759,1030377
8/20/22,114305,92234527,536,1030913
8/21/22,132950,92367477,614,1031527
8/22/22,28624,92396101,141,1031668
8/23/22,27897,92423998,129,1031797
8/24/22,81700,92505698,308,1032105
8/25/22,115986,92621684,675,1032780
8/26/22,130588,92752272,766,1033546
8/27/22,110093,92862365,538,1034084
8/28/22,115441,92977806,664,1034748
8/29/22,29176,93006982,162,1034910
8/30/22,27073,93034055,129,1035039
8/31/22,78248,93112303,270,1035309
9/1/22,116212,93228515,633,1035942
9/2/22,120932,93349447,864,1036806
9/3/22,103592,93453039,500,1037306
9/4/22,105130,93558169,532,1037838
9/5/22,24912,93583081,114,1037952
9/6/22,24255,93607336,112,1038064
9/7/22,22446,93629782,114,1038178
9/8/22,118994,93748776,529,1038707
9/9/22,91690,93840466,688,1039395
9/10/22,85271,93925737,473,1039868
9/11/22,81941,94007678,595,1040463
9/12/22,22131,94029809,135,1040598
9/13/22,20216,94050025,86,1040684
9/14/22,57915,94107940,264,1040948
9/15/22,57983,94165923,562,1041510
9/16/22,89519,94255442,799,1042309
9/17/22,97563,94353005,684,1042993
9/18/22,61574,94414579,369,1043362
9/19/22,17572,94432151,98,1043460
9/20/22,20188,94452339,79,1043539
9/21/22,44794,94497133,227,1043766
9/22/22,49594,94546727,504,1044270
9/23/22,83979,94630706,698,1044968
9/24/22,99198,94729904,754,1045722
9/25/22,53400,94783304,345,1046067
9/26/22,15871,94799175,102,1046169
9/27/22,15295,94814470,85,1046254
9/28/22,37642,94852112,232,1046486


