Date_reported,New_cases,Cumulative_cases,New_deaths,Cumulative_deaths
2020-01-03,0,0,0,0
2020-01-04,0,0,0,0
2020-01-05,0,0,0,0
2020-01-06,0,0,0,0
2020-01-07,0,0,0,0
2020-01-08,0,0,0,0
2020-01-09,0,0,0,0
2020-01-10,0,0,0,0
2020-01-11,0,0,0,0
2020-01-12,0,0,0,0
2020-01-13,0,0,0,0
2020-01-14,0,0,0,0
2020-01-15,0,0,0,0
2020-01-16,0,0,0,0
2020-01-17,0,0,0,0
2020-01-18,0,0,0,0
2020-01-19,0,0,0,0
2020-01-20,1,1,0,0
2020-01-21,0,1,0,0
2020-01-22,0,1,0,0
2020-01-23,0,1,0,0
2020-01-24,0,1,0,0
2020-01-25,5,6,0,0
2020-01-26,1,7,0,0
2020-01-27,0,7,0,0
2020-01-28,1,8,0,0
2020-01-29,0,8,0,0
2020-01-30,0,8,0,0
2020-01-31,0,8,0,0
2020-02-01,0,8,0,0
2020-02-02,1,9,0,0
2020-02-03,1,10,0,0
2020-02-04,3,13,0,0
2020-02-05,4,17,0,0
2020-02-06,2,19,0,0
2020-02-07,0,19,0,0
2020-02-08,0,19,0,0
2020-02-09,1,20,0,0
2020-02-10,0,20,0,0
2020-02-11,0,20,0,0
2020-02-12,0,20,0,0
2020-02-13,0,20,0,0
2020-02-14,2,22,0,0
2020-02-15,1,23,0,0
2020-02-16,1,24,0,0
2020-02-17,0,24,0,0
2020-02-18,0,24,0,0
2020-02-19,2,26,0,0
2020-02-20,5,31,0,0
2020-02-21,3,34,0,0
2020-02-22,1,35,0,0
2020-02-23,5,40,0,0
2020-02-24,8,48,0,0
2020-02-25,0,48,0,0
2020-02-26,4,52,0,0
2020-02-27,4,56,0,0
2020-02-28,8,64,0,0
2020-02-29,5,69,1,1
2020-03-01,4,73,0,1
2020-03-02,9,82,1,2
2020-03-03,18,100,0,2
2020-03-04,35,135,6,8
2020-03-05,51,186,3,11
2020-03-06,70,256,2,13
2020-03-07,78,334,3,16
2020-03-08,130,464,3,19
2020-03-09,146,610,5,24
2020-03-10,212,822,4,28
2020-03-11,390,1212,4,32
2020-03-12,497,1709,7,39
2020-03-13,525,2234,12,51
2020-03-14,727,2961,7,58
2020-03-15,968,3929,11,69
2020-03-16,1219,5148,13,82
2020-03-17,2135,7283,18,100
2020-03-18,2369,9652,21,121
2020-03-19,3229,12881,28,149
2020-03-20,4862,17743,64,213
2020-03-21,6113,23856,69,282
2020-03-22,7559,31415,92,374
2020-03-23,9110,40525,112,486
2020-03-24,10765,51290,118,604
2020-03-25,10754,62044,164,768
2020-03-26,11332,73376,209,977
2020-03-27,14115,87491,301,1278
2020-03-28,18474,105965,341,1619
2020-03-29,20344,126309,487,2106
2020-03-30,20673,146982,556,2662
2020-03-31,26161,173143,665,3327
2020-04-01,15536,188679,631,3958
2020-04-02,23260,211939,982,4940
2020-04-03,28674,240613,1121,6061
2020-04-04,29790,270403,1311,7372
2020-04-05,32057,302460,1376,8748
2020-04-06,32134,334594,1540,10288
2020-04-07,26984,361578,1873,12161
2020-04-08,28629,390207,1691,13852
2020-04-09,29355,419562,2093,15945
2020-04-10,34148,453710,2221,18166
2020-04-11,34743,488453,2230,20396
2020-04-12,33179,521632,2241,22637
2020-04-13,31535,553167,2192,24829
2020-04-14,27094,580261,1857,26686
2020-04-15,25244,605505,1905,28591
2020-04-16,25259,630764,2432,31023
2020-04-17,25208,655972,2731,33754
2020-04-18,31494,687466,2445,36199
2020-04-19,30316,717782,2336,38535
2020-04-20,28281,746063,1848,40383
2020-04-21,26070,772133,1993,42376
2020-04-22,26428,798561,2077,44453
2020-04-23,25927,824488,2673,47126
2020-04-24,30470,854958,2221,49347
2020-04-25,33211,888169,1984,51331
2020-04-26,34778,922947,2103,53434
2020-04-27,33603,956550,1892,55326
2020-04-28,26063,982613,1535,56861
2020-04-29,23758,1006371,1489,58350
2020-04-30,23935,1030306,2111,60461
2020-05-01,26774,1057080,2417,62878
2020-05-02,31221,1088301,2238,65116
2020-05-03,33082,1121383,1953,67069
2020-05-04,28292,1149675,1609,68678
2020-05-05,25927,1175602,1412,70090
2020-05-06,22324,1197926,1271,71361
2020-05-07,22878,1220804,2434,73795
2020-05-08,25440,1246244,2341,76136
2020-05-09,28552,1274796,2033,78169
2020-05-10,28833,1303629,1658,79827
2020-05-11,25917,1329546,1491,81318
2020-05-12,20656,1350202,1073,82391
2020-05-13,19950,1370152,1034,83425
2020-05-14,23902,1394054,1533,84958
2020-05-15,17336,1411390,1507,86465
2020-05-16,34643,1446033,1943,88408
2020-05-17,26628,1472661,1549,89957
2020-05-18,26081,1498742,1239,91196
2020-05-19,19917,1518659,927,92123
2020-05-20,22744,1541403,946,93069
2020-05-21,21923,1563326,1179,94248
2020-05-22,23506,1586832,1374,95622
2020-05-23,26191,1613023,1083,96705
2020-05-24,25963,1638986,1810,98515
2020-05-25,21465,1660451,937,99452
2020-05-26,20651,1681102,788,100240
2020-05-27,19379,1700481,687,100927
2020-05-28,17510,1717991,811,101738
2020-05-29,19508,1737499,1285,103023
2020-05-30,24182,1761681,1251,104274
2020-05-31,23741,1785422,1051,105325
2020-06-01,24127,1809549,906,106231
2020-06-02,21466,1831015,673,106904
2020-06-03,17157,1848172,691,107595
2020-06-04,20974,1869146,934,108529
2020-06-05,20695,1889841,1022,109551
2020-06-06,20870,1910711,885,110436
2020-06-07,24491,1935202,876,111312
2020-06-08,23285,1958487,669,111981
2020-06-09,18455,1976942,593,112574
2020-06-10,18151,1995093,776,113350
2020-06-11,18581,2013674,827,114177
2020-06-12,22181,2035855,882,115059
2020-06-13,22890,2058745,888,115947
2020-06-14,28333,2087078,735,116682
2020-06-15,26434,2113512,685,117367
2020-06-16,20778,2134290,489,117856
2020-06-17,20591,2154881,525,118381
2020-06-18,24777,2179658,674,119055
2020-06-19,25816,2205474,684,119739
2020-06-20,28520,2233994,643,120382
2020-06-21,33105,2267099,755,121137
2020-06-22,33467,2300566,576,121713
2020-06-23,27345,2327911,413,122126
2020-06-24,28698,2356609,415,122541
2020-06-25,37887,2394496,746,123287
2020-06-26,37320,2431816,692,123979
2020-06-27,47021,2478837,2533,126512
2020-06-28,46540,2525377,706,127218
2020-06-29,43653,2569030,593,127811
2020-06-30,37583,2606613,439,128250
2020-07-01,38517,2645130,461,128711
2020-07-02,47253,2692383,662,129373
2020-07-03,59342,2751725,782,130155
2020-07-04,55452,2807177,704,130859
2020-07-05,60366,2867543,810,131669
2020-07-06,48978,2916521,539,132208
2020-07-07,40413,2956934,460,132668
2020-07-08,50763,3007697,598,133266
2020-07-09,56754,3064451,928,134194
2020-07-10,64775,3129226,1079,135273
2020-07-11,61943,3191169,961,136234
2020-07-12,68579,3259748,964,137198
2020-07-13,68262,3328010,889,138087
2020-07-14,58680,3386690,840,138927
2020-07-15,56287,3442977,731,139658
2020-07-16,64516,3507493,914,140572
2020-07-17,72389,3579882,1122,141694
2020-07-18,69181,3649063,1089,142783
2020-07-19,76952,3726015,1081,143864
2020-07-20,67324,3793339,1005,144869
2020-07-21,60012,3853351,932,145801
2020-07-22,58519,3911870,867,146668
2020-07-23,63336,3975206,1193,147861
2020-07-24,72416,4047622,1191,149052
2020-07-25,73142,4120764,1254,150306
2020-07-26,73152,4193916,1284,151590
2020-07-27,61596,4255512,1148,152738
2020-07-28,57759,4313271,951,153689
2020-07-29,54007,4367278,936,154625
2020-07-30,58708,4425986,1163,155788
2020-07-31,64855,4490841,1179,156967
2020-08-01,66141,4556982,1400,158367
2020-08-02,68184,4625166,1369,159736
2020-08-03,56412,4681578,1164,160900
2020-08-04,50849,4732427,922,161822
2020-08-05,45329,4777756,853,162675
2020-08-06,52056,4829812,1072,163747
2020-08-07,55592,4885404,1260,165007
2020-08-08,53165,4938569,1211,166218
2020-08-09,62506,5001075,1317,167535
2020-08-10,51679,5052754,1043,168578
2020-08-11,46473,5099227,900,169478
2020-08-12,43377,5142604,795,170273
2020-08-13,58958,5201562,1098,171371
2020-08-14,54392,5255954,1326,172697
2020-08-15,51522,5307476,1195,173892
2020-08-16,56261,5363737,1047,174939
2020-08-17,51137,5414874,952,175891
2020-08-18,41495,5456369,889,176780
2020-08-19,41589,5497958,637,177417
2020-08-20,41625,5539583,928,178345
2020-08-21,46574,5586157,1264,179609
2020-08-22,46187,5632344,1000,180609
2020-08-23,47181,5679525,1007,181616
2020-08-24,42550,5722075,1006,182622
2020-08-25,36210,5758285,836,183458
2020-08-26,35716,5794001,584,184042
2020-08-27,40574,5834575,880,184922
2020-08-28,46430,5881005,1062,185984
2020-08-29,46920,5927925,940,186924
2020-08-30,46546,5974471,1035,187959
2020-08-31,40908,6015379,839,188798
2020-09-01,36635,6052014,717,189515
2020-09-02,38696,6090710,553,190068
2020-09-03,39178,6129888,860,190928
2020-09-04,43647,6173535,884,191812
2020-09-05,45272,6218807,948,192760
2020-09-06,50917,6269724,904,193664
2020-09-07,41129,6310853,801,194465
2020-09-08,34237,6345090,685,195150
2020-09-09,24876,6369966,417,195567
2020-09-10,28054,6398020,553,196120
2020-09-11,34660,6432680,826,196946
2020-09-12,38583,6471263,832,197778
2020-09-13,44082,6515345,863,198641
2020-09-14,40371,6555716,662,199303
2020-09-15,32888,6588604,720,200023
2020-09-16,34336,6622940,359,200382
2020-09-17,36815,6659755,801,201183
2020-09-18,43910,6703665,1099,202282
2020-09-19,44530,6748195,732,203014
2020-09-20,48127,6796322,803,203817
2020-09-21,42181,6838503,674,204491
2020-09-22,34450,6872953,484,204975
2020-09-23,41398,6914351,537,205512
2020-09-24,49528,6963879,660,206172
2020-09-25,41641,7005520,903,207075
2020-09-26,45961,7051481,740,207815
2020-09-27,49615,7101096,778,208593
2020-09-28,42035,7143131,664,209257
2020-09-29,35551,7178682,502,209759
2020-09-30,38402,7217084,400,210159
2020-10-01,38881,7255965,795,210954
2020-10-02,45920,7301885,686,211640
2020-10-03,46624,7348509,733,212373
2020-10-04,50935,7399444,907,213280
2020-10-05,47727,7447171,565,213845
2020-10-06,35774,7482945,598,214443
2020-10-07,41602,7524547,508,214951
2020-10-08,41654,7566201,635,215586
2020-10-09,52594,7618795,782,216368
2020-10-10,56104,7674899,735,217103
2020-10-11,58794,7733693,792,217895
2020-10-12,54216,7787909,681,218576
2020-10-13,44423,7832332,573,219149
2020-10-14,49144,7881476,497,219646
2020-10-15,50497,7931973,652,220298
2020-10-16,57229,7989202,821,221119
2020-10-17,63046,8052248,697,221816
2020-10-18,69079,8121327,880,222696
2020-10-19,54548,8175875,693,223389
2020-10-20,48887,8224762,733,224122
2020-10-21,61362,8286124,612,224734
2020-10-22,58741,8344865,791,225525
2020-10-23,68657,8413522,1059,226584
2020-10-24,74903,8488425,916,227500
2020-10-25,82340,8570765,919,228419
2020-10-26,76181,8646946,836,229255
2020-10-27,65610,8712556,601,229856
2020-10-28,69584,8782140,682,230538
2020-10-29,74961,8857101,896,231434
2020-10-30,84410,8941511,1063,232497
2020-10-31,91130,9032641,1110,233607
2020-11-01,97518,9130159,908,234515
2020-11-02,92783,9222942,942,235457
2020-11-03,141582,9364524,708,236165
2020-11-04,87188,9451712,738,236903
2020-11-05,98499,9550211,1031,237934
2020-11-06,113875,9664086,1298,239232
2020-11-07,122830,9786916,1227,240459
2020-11-08,133337,9920253,1260,241719
2020-11-09,129810,10050063,1095,242814
2020-11-10,111648,10161711,882,243696
2020-11-11,124487,10286198,930,244626
2020-11-12,145951,10432149,1674,246300
2020-11-13,153660,10585809,1518,247818
2020-11-14,162300,10748109,1347,249165
2020-11-15,176989,10925098,1271,250436
2020-11-16,164239,11089337,1472,251908
2020-11-17,137564,11226901,1027,252935
2020-11-18,153374,11380275,1018,253953
2020-11-19,167352,11547627,1591,255544
2020-11-20,170904,11718531,1833,257377
2020-11-21,188681,11907212,1920,259297
2020-11-22,193369,12100581,1959,261256
2020-11-23,173861,12274442,1724,262980
2020-11-24,149783,12424225,1303,264283
2020-11-25,160411,12584636,1413,265696
2020-11-26,175183,12759819,1889,267585
2020-11-27,194100,12953919,2289,269874
2020-11-28,145029,13098948,1674,271548
2020-11-29,164034,13262982,1658,273206
2020-11-30,144575,13407557,1506,274712
2020-12-01,141072,13548629,1281,275993
2020-12-02,151905,13700534,1546,277539
2020-12-03,192718,13893252,2379,279918
2020-12-04,210074,14103326,2756,282674
2020-12-05,216782,14320108,2740,285414
2020-12-06,223806,14543914,2593,288007
2020-12-07,205575,14749489,2376,290383
2020-12-08,176909,14926398,1588,291971
2020-12-09,183091,15109489,1973,293944
2020-12-10,226982,15336471,2561,296505
2020-12-11,221251,15557722,3323,299828
2020-12-12,208835,15766557,2705,302533
2020-12-13,245839,16012396,3188,305721
2020-12-14,217153,16229549,2440,308161
2020-12-15,181275,16410824,2037,310198
2020-12-16,198204,16609028,1955,312153
2020-12-17,198650,16807678,2758,314911
2020-12-18,240266,17047944,3389,318300
2020-12-19,246505,17294449,3338,321638
2020-12-20,235875,17530324,2949,324587
2020-12-21,202289,17732613,2727,327314
2020-12-22,186429,17919042,2090,329404
2020-12-23,183553,18102595,2129,331533
2020-12-24,197759,18300354,2891,334424
2020-12-25,226200,18526554,3238,337662
2020-12-26,202550,18729104,3021,340683
2020-12-27,161342,18890446,2237,342920
2020-12-28,147119,19037565,1650,344570
2020-12-29,154342,19191907,1903,346473
2020-12-30,176774,19368681,2180,348653
2020-12-31,208904,19577585,3351,352004
2021-01-01,235818,19813403,3763,355767
2021-01-02,229492,20042895,3754,359521
2021-01-03,228546,20271441,3049,362570
2021-01-04,225318,20496759,2384,364954
2021-01-05,205458,20702217,2044,366998
2021-01-06,174314,20876531,2029,369027
2021-01-07,242441,21118972,3496,372523
2021-01-08,257750,21376722,3855,376378
2021-01-09,269765,21646487,3978,380356
2021-01-10,292105,21938592,3711,384067
2021-01-11,256294,22194886,3411,387478
2021-01-12,224484,22419370,2555,390033
2021-01-13,204122,22623492,2534,392567
2021-01-14,217776,22841268,3600,396167
2021-01-15,226378,23067646,4066,400233
2021-01-16,223583,23291229,3762,403995
2021-01-17,237318,23528547,3384,407379
2021-01-18,209511,23738058,3549,410928
2021-01-19,186583,23924641,2600,413528
2021-01-20,154205,24078846,2250,415778
2021-01-21,150233,24229079,2738,418516
2021-01-22,188266,24417345,3826,422342
2021-01-23,187644,24604989,3853,426195
2021-01-24,189419,24794408,3679,429874
2021-01-25,165512,24959920,3073,432947
2021-01-26,141554,25101474,2477,435424
2021-01-27,135591,25237065,2037,437461
2021-01-28,145943,25383008,3576,441037
2021-01-29,158965,25541973,3950,444987
2021-01-30,156822,25698795,3870,448857
2021-01-31,164238,25863033,3266,452123
2021-02-01,138823,26001856,2827,454950
2021-02-02,111938,26113794,2291,457241
2021-02-03,129043,26242837,2229,459470
2021-02-04,121330,26364167,2947,462417
2021-02-05,108669,26472836,3280,465697
2021-02-06,122620,26595456,3127,468824
2021-02-07,124827,26720283,3399,472223
2021-02-08,110180,26830463,2803,475026
2021-02-09,92931,26923394,1771,476797
2021-02-10,80726,27004120,1668,478465
2021-02-11,91417,27095537,2470,480935
2021-02-12,98339,27193876,2813,483748
2021-02-13,99548,27293424,3252,487000
2021-02-14,97431,27390855,5061,492061
2021-02-15,85221,27476076,3316,495377
2021-02-16,67413,27543489,1572,496949
2021-02-17,58066,27601555,1387,498336
2021-02-18,56871,27658426,1407,499743
2021-02-19,63770,27722196,2181,501924
2021-02-20,68568,27790764,2247,504171
2021-02-21,73576,27864340,2322,506493
2021-02-22,65510,27929850,1839,508332
2021-02-23,56628,27986478,1525,509857
2021-02-24,55821,28042299,1487,511344
2021-02-25,70162,28112461,1718,513062
2021-02-26,72358,28184819,1975,515037
2021-02-27,71998,28256817,2850,517887
2021-02-28,73274,28330091,1966,519853
2021-03-01,68298,28398389,1634,521487
2021-03-02,52570,28450959,1026,522513
2021-03-03,51114,28502073,1323,523836
2021-03-04,53761,28555834,1128,524964
2021-03-05,66043,28621877,1896,526860
2021-03-06,64859,28686736,1515,528375
2021-03-07,64094,28750830,1924,530299
2021-03-08,57710,28808540,1277,531576
2021-03-09,43758,28852298,895,532471
2021-03-10,42703,28895001,802,533273
2021-03-11,54088,28949089,1201,534474
2021-03-12,61755,29010844,1576,536050
2021-03-13,59764,29070608,1317,537367
2021-03-14,64222,29134830,1491,538858
2021-03-15,52274,29187104,958,539816
2021-03-16,47230,29234334,651,540467
2021-03-17,43532,29277866,693,541160
2021-03-18,51806,29329672,853,542013
2021-03-19,59588,29389260,1075,543088
2021-03-20,63099,29452359,956,544044
2021-03-21,62022,29514381,1078,545122
2021-03-22,58456,29572837,718,545840
2021-03-23,45228,29618065,553,546393
2021-03-24,48228,29666293,938,547331
2021-03-25,57684,29723977,753,548084
2021-03-26,68021,29791998,1126,549210
2021-03-27,65367,29857365,981,550191
2021-03-28,74834,29932199,1042,551233
2021-03-29,63203,29995402,851,552084
2021-03-30,53256,30048658,618,552702
2021-03-31,58014,30106672,548,553250
2021-04-01,61789,30168461,729,553979
2021-04-02,69567,30238028,948,554927
2021-04-03,73685,30311713,816,555743
2021-04-04,70446,30382159,842,556585
2021-04-05,63695,30445854,708,557293
2021-04-06,45722,30491576,532,557825
2021-04-07,56400,30547976,362,558187
2021-04-08,63657,30611633,749,558936
2021-04-09,74627,30686260,821,559757
2021-04-10,75434,30761694,867,560624
2021-04-11,76415,30838109,864,561488
2021-04-12,68111,30906220,740,562228
2021-04-13,53239,30959459,468,562696
2021-04-14,60435,31019894,533,563229
2021-04-15,72206,31092100,751,563980
2021-04-16,70654,31162754,782,564762
2021-04-17,71498,31234252,794,565556
2021-04-18,71074,31305326,807,566363
2021-04-19,77212,31382538,627,566990
2021-04-20,49337,31431875,499,567489
2021-04-21,35281,31467156,463,567952
2021-04-22,57318,31524474,746,568698
2021-04-23,63049,31587523,767,569465
2021-04-24,61479,31649002,784,570249
2021-04-25,62419,31711421,835,571084
2021-04-26,51698,31763119,654,571738
2021-04-27,40847,31803966,435,572173
2021-04-28,30199,31834165,467,572640
2021-04-29,50313,31884478,546,573186
2021-04-30,54396,31938874,832,574018
2021-05-01,55643,31994517,753,574771
2021-05-02,55311,32049828,806,575577
2021-05-03,48352,32098180,616,576193
2021-05-04,36593,32134773,500,576693
2021-05-05,32953,32167726,470,577163
2021-05-06,42552,32210278,674,577837
2021-05-07,44541,32254819,714,578551
2021-05-08,42692,32297511,671,579222
2021-05-09,44641,32342152,806,580028
2021-05-10,37021,32379173,609,580637
2021-05-11,27538,32406711,408,581045
2021-05-12,24383,32431094,395,581440
2021-05-13,33073,32464167,598,582038
2021-05-14,35784,32499951,679,582717
2021-05-15,40435,32540386,583,583300
2021-05-16,35116,32575502,701,584001
2021-05-17,29837,32605339,442,584443
2021-05-18,21375,32626714,437,584880
2021-05-19,19453,32646167,362,585242
2021-05-20,27639,32673806,610,585852
2021-05-21,27491,32701297,583,586435
2021-05-22,27948,32729245,541,586976
2021-05-23,27866,32757111,649,587625
2021-05-24,22224,32779335,409,588034
2021-05-25,16030,32795365,287,588321
2021-05-26,14761,32810126,555,588876
2021-05-27,24571,32834697,518,589394
2021-05-28,23475,32858172,517,589911
2021-05-29,21970,32880142,545,590456
2021-05-30,24780,32904922,703,591159
2021-05-31,15628,32920550,301,591460
2021-06-01,12350,32932900,254,591714
2021-06-02,9408,32942308,232,591946
2021-06-03,8935,32951243,332,592278
2021-06-04,16048,32967291,492,592770
2021-06-05,18151,32985442,478,593248
2021-06-06,18592,33004034,586,593834
2021-06-07,14734,33018768,394,594228
2021-06-08,11084,33029852,423,594651
2021-06-09,9898,33039750,322,594973
2021-06-10,14314,33054064,313,595286
2021-06-11,19640,33073704,387,595673
2021-06-12,15924,33089628,382,596055
2021-06-13,13971,33103599,403,596458
2021-06-14,12350,33115949,208,596666
2021-06-15,8721,33124670,152,596818
2021-06-16,8275,33132945,199,597017
2021-06-17,12616,33145561,316,597333
2021-06-18,13220,33158781,336,597669
2021-06-19,13484,33172265,279,597948
2021-06-20,11961,33184226,272,598220
2021-06-21,12350,33196576,251,598471
2021-06-22,9047,33205623,223,598694
2021-06-23,8568,33214191,266,598960
2021-06-24,13288,33227479,308,599268
2021-06-25,13841,33241320,326,599594
2021-06-26,15572,33256892,315,599909
2021-06-27,14971,33271863,412,600321
2021-06-28,13294,33285157,242,600563
2021-06-29,10676,33295833,173,600736
2021-06-30,10438,33306271,183,600919
2021-07-01,15514,33321785,282,601201
2021-07-02,11639,33333424,244,601445
2021-07-03,18586,33352010,289,601734
2021-07-04,16890,33368900,304,602038
2021-07-05,13189,33382089,152,602190
2021-07-06,10459,33392548,125,602315
2021-07-07,9147,33401695,103,602418
2021-07-08,19962,33421657,301,602719
2021-07-09,22636,33444293,250,602969
2021-07-10,183538,33627831,262,603231
2021-07-11,27579,33655410,316,603547
2021-07-12,20875,33676285,149,603696
2021-07-13,16722,33693007,119,603815
2021-07-14,28892,33721899,295,604110
2021-07-15,34978,33756877,337,604447
2021-07-16,38299,33795176,342,604789
2021-07-17,40555,33835731,319,605108
2021-07-18,42258,33877989,370,605478
2021-07-19,32139,33910128,183,605661
2021-07-20,27993,33938121,146,605807
2021-07-21,45195,33983316,284,606091
2021-07-22,51040,34034356,320,606411
2021-07-23,61313,34095669,399,606810
2021-07-24,71708,34167377,338,607148
2021-07-25,69639,34237016,414,607562
2021-07-26,53795,34290811,254,607816
2021-07-27,43206,34334017,249,608065
2021-07-28,71245,34405262,411,608476
2021-07-29,85805,34491067,499,608975
2021-07-30,89149,34580216,494,609469
2021-07-31,99367,34679583,495,609964
2021-08-01,104519,34784102,525,610489
2021-08-02,80567,34864669,395,610884
2021-08-03,61188,34925857,370,611254
2021-08-04,102409,35028266,656,611910
2021-08-05,110283,35138549,700,612610
2021-08-06,126833,35265382,741,613351
2021-08-07,127854,35393236,753,614104
2021-08-08,133922,35527158,838,614942
2021-08-09,120252,35647410,648,615590
2021-08-10,96790,35744200,527,616117
2021-08-11,93050,35837250,720,616837
2021-08-12,135427,35972677,961,617798
2021-08-13,143479,36116156,612,618410
2021-08-14,151161,36267317,973,619383
2021-08-15,146305,36413622,1196,620579
2021-08-16,139848,36553470,904,621483
2021-08-17,110712,36664182,679,622162
2021-08-18,108955,36773137,845,623007
2021-08-19,150448,36923585,1193,624200
2021-08-20,168162,37091747,1497,625697
2021-08-21,174382,37266129,1381,627078
2021-08-22,167459,37433588,1556,628634
2021-08-23,141824,37575412,1169,629803
2021-08-24,124481,37699893,899,630702
2021-08-25,120825,37820718,1205,631907
2021-08-26,162414,37983132,1655,633562
2021-08-27,176904,38160036,1658,635220
2021-08-28,186271,38346307,1760,636980
2021-08-29,182171,38528478,1837,638817
2021-08-30,150022,38678500,1460,640277
2021-08-31,115672,38794172,1183,641460
2021-09-01,138600,38932772,1243,642703
2021-09-02,176801,39109573,1807,644510
2021-09-03,197627,39307200,2015,646525
2021-09-04,183417,39490617,2028,648553
2021-09-05,182112,39672729,1973,650526
2021-09-06,141762,39814491,1490,652016
2021-09-07,123082,39937573,1324,653340
2021-09-08,116004,40053577,1092,654432
2021-09-09,114676,40168253,1522,655954
2021-09-10,171241,40339494,2119,658073
2021-09-11,183714,40523208,2246,660319
2021-09-12,172091,40695299,2292,662611
2021-09-13,153543,40848842,1739,664350
2021-09-14,113838,40962680,1140,665490
2021-09-15,118971,41081651,1352,666842
2021-09-16,162147,41243798,2413,669255
2021-09-17,163128,41406926,2499,671754
2021-09-18,167335,41574261,2108,673862
2021-09-19,158492,41732753,2339,676201
2021-09-20,122574,41855327,1589,677790
2021-09-21,94644,41949971,1194,678984
2021-09-22,98378,42048349,1368,680352
2021-09-23,132981,42181330,2345,682697
2021-09-24,132730,42314060,2350,685047
2021-09-25,138256,42452316,2073,687120
2021-09-26,132731,42585047,2465,689585
2021-09-27,96166,42681213,1435,691020
2021-09-28,75238,42756451,1019,692039
2021-09-29,107319,42863770,1957,693996
2021-09-30,115452,42979222,2155,696151
2021-10-01,116797,43096019,2253,698404
2021-10-02,124042,43220061,1962,700366
2021-10-03,120674,43340735,2211,702577
2021-10-04,81968,43422703,1287,703864
2021-10-05,66639,43489342,942,704806
2021-10-06,91816,43581158,1356,706162
2021-10-07,101799,43682957,2055,708217
2021-10-08,118223,43801180,2053,710270
2021-10-09,113038,43914218,1738,712008
2021-10-10,108501,44022719,2253,714261
2021-10-11,70589,44093308,1051,715312
2021-10-12,58449,44151757,1013,716325
2021-10-13,77961,44229718,1024,717349
2021-10-14,89638,44319356,1914,719263
2021-10-15,96312,44415668,1846,721109
2021-10-16,96871,44512539,1576,722685
2021-10-17,92417,44604956,2038,724723
2021-10-18,63002,44667958,892,725615
2021-10-19,47645,44715603,695,726310
2021-10-20,72322,44787925,2330,728640
2021-10-21,80595,44868520,1849,730489
2021-10-22,76534,44945054,1841,732330
2021-10-23,87571,45032625,1523,733853
2021-10-24,80874,45113499,1961,735814
2021-10-25,36114,45149613,654,736468
2021-10-26,28057,45177670,347,736815
2021-10-27,84460,45262130,1030,737845
2021-10-28,101787,45363917,2052,739897
2021-10-29,84199,45448116,1765,741662
2021-10-30,103121,45551237,1277,742939
2021-10-31,88448,45639685,1790,744729
2021-11-01,34950,45674635,453,745182
2021-11-02,25347,45699982,302,745484
2021-11-03,117847,45817829,1196,746680
2021-11-04,74593,45892422,1450,748130
2021-11-05,78766,45971188,1188,749318
2021-11-06,88850,46060038,1204,750522
2021-11-07,89858,46149896,1614,752136
2021-11-08,35987,46185883,476,752612
2021-11-09,31524,46217407,256,752868
2021-11-10,116391,46333798,1161,754029
2021-11-11,82883,46416681,1587,755616
2021-11-12,93749,46510430,1345,756961
2021-11-13,73647,46584077,970,757931
2021-11-14,122999,46707076,1734,759665
2021-11-15,69276,46776352,544,760209
2021-11-16,33593,46809945,217,760426
2021-11-17,133590,46943535,1080,761506
2021-11-18,96915,47040450,1464,762970
2021-11-19,105810,47146260,1442,764412
2021-11-20,123870,47270130,3867,768279
2021-11-21,113822,47383952,1662,769941
2021-11-22,46194,47430146,374,770315
2021-11-23,38751,47468897,177,770492
2021-11-24,145378,47614275,1177,771669
2021-11-25,101066,47715341,1560,773229
2021-11-26,106535,47821876,1374,774603
2021-11-27,72723,47894599,465,775068
2021-11-28,81747,47976346,563,775631
2021-11-29,51800,48028146,214,775845
2021-11-30,56537,48084683,193,776038
2021-12-01,93479,48178162,1663,777701
2021-12-02,120690,48298852,1622,779323
2021-12-03,133075,48431927,1727,781050
2021-12-04,143869,48575796,1244,782294
2021-12-05,151567,48727363,1641,783935
2021-12-06,67352,48794715,572,784507
2021-12-07,55314,48850029,281,784788
2021-12-08,184043,49034072,1288,786076
2021-12-09,125548,49159620,1832,787908
2021-12-10,129708,49289328,1480,789388
2021-12-11,137431,49426759,1162,790550
2021-12-12,135573,49562332,1971,792521
2021-12-13,63967,49626299,490,793011
2021-12-14,58109,49684408,306,793317
2021-12-15,185683,49870091,1312,794629
2021-12-16,125442,49995533,1908,796537
2021-12-17,146477,50142010,1900,798437
2021-12-18,162668,50304678,1115,799552
2021-12-19,156763,50461441,2034,801586
2021-12-20,87584,50549025,590,802176
2021-12-21,102213,50651238,286,802462
2021-12-22,266159,50917397,1467,803929
2021-12-23,203318,51120715,2259,806188
2021-12-24,237883,51358598,1854,808042
2021-12-25,278812,51637410,3177,811219
2021-12-26,241450,51878860,1368,812587
2021-12-27,115824,51994684,262,812849
2021-12-28,211284,52205968,266,813115
2021-12-29,464495,52670463,1786,814901
2021-12-30,389514,53059977,2331,817232
2021-12-31,474309,53534286,1823,819055
2022-01-01,584647,54118933,1334,820389
2022-01-02,471965,54590898,1344,821733
2022-01-03,302957,54893855,430,822163
2022-01-04,390858,55284713,374,822537
2022-01-05,902391,56187104,1672,824209
2022-01-06,732514,56919618,2840,827049
2022-01-07,702790,57622408,1846,828895
2022-01-08,798436,58420844,2088,830983
2022-01-09,852951,59273795,2466,833449
2022-01-10,448743,59722538,869,834318
2022-01-11,486541,60209079,699,835017
2022-01-12,1265520,61474599,1962,836979
2022-01-13,803539,62278138,3189,840168
2022-01-14,855880,63134018,2480,842648
2022-01-15,892303,64026321,2179,844827
2022-01-16,898407,64924728,3002,847829
2022-01-17,465957,65390685,1380,849209
2022-01-18,418737,65809422,873,850082
2022-01-19,968465,66777887,1453,851535
2022-01-20,856293,67634180,2642,854177
2022-01-21,780466,68414646,3259,857436
2022-01-22,776490,69191136,2901,860337
2022-01-23,776480,69967616,3800,864137
2022-01-24,328564,70296180,1218,865355
2022-01-25,314947,70611127,960,866315
2022-01-26,1011148,71622275,2784,869099
2022-01-27,493232,72115507,3530,872629
2022-01-28,545225,72660732,3409,876038
2022-01-29,572820,73233552,2898,878936
2022-01-30,523326,73756878,3604,882540
2022-01-31,222172,73979050,1516,884056
2022-02-01,158214,74137264,925,884981
2022-02-02,576521,74713785,2779,887760
2022-02-03,296458,75010243,4076,891836
2022-02-04,303405,75313648,3218,895054
2022-02-05,350050,75663698,2715,897769
2022-02-06,281890,75945588,3425,901194
2022-02-07,104762,76050350,1254,902448
2022-02-08,96578,76146928,714,903162
2022-02-09,305358,76452286,3301,906463
2022-02-10,197921,76650207,3804,910267
2022-02-11,196394,76846601,3005,913272
2022-02-12,165790,77012391,2579,915851
2022-02-13,155309,77167700,2893,918744
2022-02-14,67888,77235588,969,919713
2022-02-15,47904,77283492,727,920440
2022-02-16,174293,77457785,2973,923413
2022-02-17,108080,77565865,3370,926783
2022-02-18,105714,77671579,2708,929491
2022-02-19,100475,77772054,2316,931807
2022-02-20,103802,77875856,2309,934116
2022-02-21,40797,77916653,716,934832
2022-02-22,31174,77947827,588,935420
2022-02-23,48413,77996240,1100,936520
2022-02-24,115022,78111262,3252,939772
2022-02-25,73662,78184924,2611,942383
2022-02-26,75062,78259986,2488,944871
2022-02-27,74142,78334128,2291,947162
2022-02-28,25662,78359790,576,947738
2022-03-01,18169,78377959,360,948098
2022-03-02,76237,78454196,2302,950400
2022-03-03,63819,78518015,1971,952371
2022-03-04,52784,78570799,1536,953907
2022-03-05,51622,78622421,1364,955271
2022-03-06,44216,78666637,1569,956840
2022-03-07,14292,78680929,322,957162
2022-03-08,8941,78689870,367,957529
2022-03-09,57277,78747147,1530,959059
2022-03-10,31172,78778319,1735,960794
2022-03-11,46110,78824429,1957,962751
2022-03-12,39598,78864027,1258,964009
2022-03-13,36942,78900969,1437,965446
2022-03-14,12159,78913128,506,965952
2022-03-15,9126,78922254,195,966147
2022-03-16,60969,78983223,-2437,963710
2022-03-17,24495,79007718,1443,965153
2022-03-18,37828,79045546,1500,966653
2022-03-19,33159,79078705,1066,967719
2022-03-20,31004,79109709,972,968691
2022-03-21,9881,79119590,200,968891
2022-03-22,10038,79129628,150,969041
2022-03-23,38828,79168456,789,969830
2022-03-24,24771,79193227,937,970767
2022-03-25,45160,79238387,1244,972011
2022-03-26,36077,79274464,895,972906
2022-03-27,28714,79303178,776,973682
2022-03-28,12511,79315689,180,973862
2022-03-29,9753,79325442,95,973957
2022-03-30,32427,79357869,686,974643
2022-03-31,24078,79381947,732,975375
2022-04-01,48239,79430186,1173,976548
2022-04-02,40063,79470249,704,977252
2022-04-03,27393,79497642,602,977854
2022-04-04,11677,79509319,148,978002
2022-04-05,10548,79519867,117,978119
2022-04-06,26930,79546797,322,978441
2022-04-07,33374,79580171,524,978965
2022-04-08,42256,79622427,944,979909
2022-04-09,33806,79656233,523,980432
2022-04-10,42601,79698834,889,981321
2022-04-11,14053,79712887,141,981462
2022-04-12,17314,79730201,69,981531
2022-04-13,34571,79764772,323,981854
2022-04-14,28789,79793561,733,982587
2022-04-15,46149,79839710,603,983190
2022-04-16,62708,79902418,710,983900
2022-04-17,44355,79946773,544,984444
2022-04-18,16817,79963590,49,984493
2022-04-19,18767,79982357,57,984550
2022-04-20,36003,80018360,366,984916
2022-04-21,53418,80071778,427,985343
2022-04-22,57408,80129186,547,985890
2022-04-23,49509,80178695,655,986545
2022-04-24,68799,80247494,342,986887
2022-04-25,23458,80270952,72,986959
2022-04-26,21103,80292055,61,987020
2022-04-27,49858,80341913,217,987237
2022-04-28,64414,80406327,384,987621
2022-04-29,77145,80483472,729,988350
2022-04-30,61915,80545387,288,988638
2022-05-01,80656,80626043,491,989129
2022-05-02,25939,80651982,90,989219
2022-05-03,26774,80678756,133,989352
2022-05-04,64100,80742856,180,989532
2022-05-05,72566,80815422,648,990180
2022-05-06,100537,80915959,804,990984
2022-05-07,80010,80995969,300,991284
2022-05-08,95732,81091701,486,991770
2022-05-09,27518,81119219,61,991831
2022-05-10,31753,81150972,63,991894
2022-05-11,100982,81251954,189,992083
2022-05-12,100249,81352203,393,992476
2022-05-13,127795,81479998,566,993042
2022-05-14,98705,81578703,262,993304
2022-05-15,117953,81696656,432,993736
2022-05-16,29099,81725755,79,993815
2022-05-17,46227,81771982,66,993881
2022-05-18,123395,81895377,231,994112
2022-05-19,129614,82024991,368,994480
2022-05-20,146420,82171411,606,995086
2022-05-21,109730,82281141,252,995338
2022-05-22,150010,82431151,479,995817
2022-05-23,36406,82467557,97,995914
2022-05-24,44879,82512436,67,995981
2022-05-25,110873,82623309,388,996369
2022-05-26,133342,82756651,471,996840
2022-05-27,153916,82910567,699,997539
2022-05-28,113174,83023741,327,997866
2022-05-29,148130,83171871,580,998446
2022-05-30,36051,83207922,87,998533
2022-05-31,35465,83243387,58,998591
2022-06-01,55525,83298912,78,998669
2022-06-02,155982,83454894,366,999035
2022-06-03,140951,83595845,575,999610
2022-06-04,111559,83707404,354,999964
2022-06-05,140094,83847498,461,1000425
2022-06-06,47471,83894969,87,1000512
2022-06-07,43315,83938284,127,1000639
2022-06-08,99664,84037948,297,1000936
2022-06-09,152307,84190255,476,1001412
2022-06-10,144559,84334814,642,1002054
2022-06-11,105965,84440779,264,1002318
2022-06-12,147763,84588542,391,1002709
2022-06-13,37707,84626249,144,1002853
2022-06-14,38721,84664970,91,1002944
2022-06-15,91358,84756328,286,1003230
2022-06-16,138010,84894338,419,1003649
2022-06-17,143175,85037513,569,1004218
2022-06-18,97574,85135087,301,1004519
2022-06-19,125711,85260798,392,1004911
2022-06-20,35853,85296651,96,1005007
2022-06-21,35517,85332168,115,1005122
2022-06-22,52244,85384412,140,1005262
2022-06-23,186492,85570904,513,1005775
2022-06-24,134198,85705102,625,1006400
2022-06-25,101869,85806971,492,1006892
2022-06-26,163464,85970435,520,1007412
2022-06-27,44012,86014447,107,1007519
2022-06-28,44178,86058625,76,1007595
2022-06-29,96530,86155155,256,1007851
2022-06-30,154793,86309948,625,1008476
2022-07-01,148959,86458907,555,1009031
2022-07-02,112856,86571763,476,1009507
2022-07-03,172444,86744207,547,1010054
2022-07-04,48178,86792385,138,1010192
2022-07-05,46196,86838581,87,1010279
2022-07-06,45747,86884328,119,1010398
2022-07-07,169689,87054017,469,1010867
2022-07-08,145751,87199768,601,1011468
2022-07-09,120595,87320363,491,1011959
2022-07-10,167613,87487976,549,1012508
2022-07-11,55577,87543553,106,1012614
2022-07-12,57136,87600689,111,1012725
2022-07-13,113656,87714345,279,1013004
2022-07-14,184135,87898480,651,1013655
2022-07-15,156001,88054481,711,1014366
2022-07-16,138983,88193464,455,1014821
2022-07-17,182741,88376205,472,1015293
2022-07-18,57577,88433782,154,1015447
2022-07-19,56070,88489852,173,1015620
2022-07-20,101687,88591539,351,1015971
2022-07-21,179375,88770914,705,1016676
2022-07-22,158884,88929798,675,1017351
2022-07-23,148445,89078243,494,1017845
2022-07-24,206657,89284900,635,1018480
2022-07-25,53259,89338159,159,1018639
2022-07-26,54599,89392758,173,1018812
2022-07-27,106403,89499161,303,1019115
2022-07-28,168680,89667841,631,1019746
2022-07-29,160831,89828672,696,1020442
2022-07-30,144834,89973506,520,1020962
2022-07-31,259377,90232883,631,1021593
2022-08-01,37913,90270796,137,1021730
2022-08-02,37944,90308740,118,1021848
2022-08-03,119038,90427778,400,1022248
2022-08-04,161349,90589127,720,1022968
2022-08-05,149835,90738962,715,1023683
2022-08-06,131403,90870365,560,1024243
2022-08-07,150569,91020934,611,1024854
2022-08-08,33241,91054175,162,1025016
2022-08-09,32807,91086982,121,1025137
2022-08-10,98627,91185609,337,1025474
2022-08-11,137268,91322877,800,1026274
2022-08-12,138358,91461235,774,1027048
2022-08-13,125122,91586357,587,1027635
2022-08-14,136195,91722552,661,1028296
2022-08-15,30589,91753141,132,1028428
2022-08-16,21098,91774239,117,1028545
2022-08-17,99341,91873580,343,1028888
2022-08-18,126626,92000206,730,1029618
2022-08-19,120016,92120222,759,1030377
2022-08-20,114305,92234527,536,1030913
2022-08-21,132950,92367477,614,1031527
2022-08-22,28624,92396101,141,1031668
2022-08-23,27897,92423998,129,1031797
2022-08-24,81700,92505698,308,1032105
2022-08-25,115986,92621684,675,1032780
2022-08-26,130588,92752272,766,1033546
2022-08-27,110093,92862365,538,1034084
2022-08-28,115441,92977806,664,1034748
2022-08-29,29176,93006982,162,1034910
2022-08-30,27073,93034055,129,1035039
2022-08-31,78248,93112303,270,1035309
2022-09-01,116212,93228515,633,1035942
2022-09-02,120932,93349447,864,1036806
2022-09-03,103592,93453039,500,1037306
2022-09-04,105130,93558169,532,1037838
2022-09-05,24912,93583081,114,1037952
2022-09-06,24255,93607336,112,1038064
2022-09-07,22446,93629782,114,1038178
2022-09-08,118994,93748776,529,1038707
2022-09-09,91690,93840466,688,1039395
2022-09-10,85271,93925737,473,1039868
2022-09-11,81941,94007678,595,1040463
2022-09-12,22131,94029809,135,1040598
2022-09-13,20216,94050025,86,1040684
2022-09-14,57915,94107940,264,1040948
2022-09-15,57983,94165923,562,1041510
2022-09-16,89519,94255442,799,1042309
2022-09-17,97563,94353005,684,1042993
2022-09-18,61574,94414579,369,1043362
2022-09-19,17572,94432151,98,1043460
2022-09-20,20188,94452339,79,1043539
2022-09-21,44794,94497133,227,1043766
2022-09-22,49594,94546727,504,1044270
2022-09-23,83979,94630706,698,1044968
2022-09-24,99198,94729904,754,1045722
2022-09-25,53400,94783304,345,1046067
2022-09-26,15871,94799175,102,1046169
2022-09-27,15295,94814470,85,1046254
2022-09-28,37642,94852112,232,1046486
2022-09-29,40387,94892499,462,1046948
2022-09-30,78175,94970674,1156,1048104
2022-10-01,87152,95057826,596,1048700
2022-10-02,46712,95104538,349,1049049
2022-10-03,12202,95116740,124,1049173
2022-10-04,13856,95130596,57,1049230
2022-10-05,32368,95162964,183,1049413
2022-10-06,37655,95200619,444,1049857
2022-10-07,64193,95264812,767,1050624
2022-10-08,78599,95343411,651,1051275
2022-10-09,41711,95385122,334,1051609
2022-10-10,11333,95396455,72,1051681
2022-10-11,13220,95409675,78,1051759
2022-10-12,24419,95434094,169,1051928
2022-10-13,38156,95472250,398,1052326
2022-10-14,57464,95529714,652,1052978
2022-10-15,72989,95602703,644,1053622
2022-10-16,33699,95636402,261,1053883
2022-10-17,6050,95642452,26,1053909
2022-10-18,11151,95653603,8,1053917
2022-10-19,33860,95687463,234,1054151
2022-10-20,38999,95726462,466,1054617
2022-10-21,0,95726462,0,1054617
2022-10-22,193674,95920136,2221,1056838
2022-10-23,0,95920136,0,1056838
2022-10-24,0,95920136,0,1056838
2022-10-25,0,95920136,0,1056838
2022-10-26,0,95920136,0,1056838
2022-10-27,0,95920136,0,1056838
2022-10-28,255156,96175292,3081,1059919
2022-10-29,0,96175292,0,1059919
2022-10-30,0,96175292,0,1059919
2022-10-31,0,96175292,0,1059919
2022-11-01,0,96175292,0,1059919
2022-11-02,0,96175292,0,1059919
2022-11-03,0,96175292,0,1059919
2022-11-04,267304,96442596,2463,1062382
2022-11-05,0,96442596,0,1062382
2022-11-06,0,96442596,0,1062382
2022-11-07,0,96442596,0,1062382
2022-11-08,0,96442596,0,1062382
2022-11-09,0,96442596,0,1062382
2022-11-10,0,96442596,0,1062382
2022-11-11,282897,96725493,2290,1064672
2022-11-12,0,96725493,0,1064672
2022-11-13,0,96725493,0,1064672
2022-11-14,0,96725493,0,1064672
2022-11-15,0,96725493,0,1064672
2022-11-16,0,96725493,0,1064672
2022-11-17,0,96725493,0,1064672
2022-11-18,274984,97000477,2202,1066874
2022-11-19,0,97000477,0,1066874
2022-11-20,0,97000477,0,1066874
2022-11-21,0,97000477,0,1066874
2022-11-22,0,97000477,0,1066874
2022-11-23,0,97000477,0,1066874
2022-11-24,0,97000477,0,1066874
2022-11-25,300171,97300648,2619,1069493
2022-11-26,0,97300648,0,1069493
2022-11-27,0,97300648,0,1069493
2022-11-28,0,97300648,0,1069493
2022-11-29,0,97300648,0,1069493
2022-11-30,0,97300648,0,1069493
2022-12-01,0,97300648,0,1069493
2022-12-02,302599,97603247,1763,1071256
2022-12-03,0,97603247,0,1071256
2022-12-04,0,97603247,0,1071256
2022-12-05,0,97603247,0,1071256
2022-12-06,0,97603247,0,1071256
2022-12-07,0,97603247,0,1071256
2022-12-08,0,97603247,0,1071256
2022-12-09,462223,98065470,3035,1074291
2022-12-10,0,98065470,0,1074291
2022-12-11,0,98065470,0,1074291
2022-12-12,0,98065470,0,1074291
2022-12-13,0,98065470,0,1074291
2022-12-14,0,98065470,0,1074291
2022-12-15,0,98065470,0,1074291
2022-12-16,446014,98511484,2652,1076943
2022-12-17,0,98511484,0,1076943
2022-12-18,0,98511484,0,1076943
2022-12-19,0,98511484,0,1076943
2022-12-20,0,98511484,0,1076943
2022-12-21,0,98511484,0,1076943
2022-12-22,0,98511484,0,1076943
2022-12-23,508009,99019493,3033,1079976
2022-12-24,0,99019493,0,1079976
2022-12-25,0,99019493,0,1079976
2022-12-26,0,99019493,0,1079976
2022-12-27,0,99019493,0,1079976
2022-12-28,0,99019493,0,1079976
2022-12-29,0,99019493,0,1079976
2022-12-30,392203,99411696,2480,1082456
2022-12-31,0,99411696,0,1082456
2023-01-01,0,99411696,0,1082456
2023-01-02,0,99411696,0,1082456
2023-01-03,0,99411696,0,1082456
2023-01-04,0,99411696,0,1082456
2023-01-05,0,99411696,0,1082456
2023-01-06,471714,99883410,2764,1085220
2023-01-07,0,99883410,0,1085220
2023-01-08,0,99883410,0,1085220
2023-01-09,0,99883410,0,1085220
2023-01-10,0,99883410,0,1085220
2023-01-11,0,99883410,0,1085220
2023-01-12,0,99883410,0,1085220
2023-01-13,448092,100331502,4407,1089627
2023-01-14,0,100331502,0,1089627
2023-01-15,0,100331502,0,1089627
2023-01-16,0,100331502,0,1089627
2023-01-17,0,100331502,0,1089627
2023-01-18,0,100331502,0,1089627
2023-01-19,0,100331502,0,1089627
2023-01-20,308025,100639527,3664,1093291
2023-01-21,0,100639527,0,1093291
2023-01-22,0,100639527,0,1093291
2023-01-23,0,100639527,0,1093291
2023-01-24,0,100639527,0,1093291
2023-01-25,0,100639527,0,1093291
2023-01-26,0,100639527,0,1093291
2023-01-27,294867,100934394,3743,1097034
2023-01-28,0,100934394,0,1097034
2023-01-29,0,100934394,0,1097034
2023-01-30,0,100934394,0,1097034
2023-01-31,0,100934394,0,1097034
2023-02-01,0,100934394,0,1097034
2023-02-02,0,100934394,0,1097034
2023-02-03,285402,101219796,3452,1100486
2023-02-04,0,101219796,0,1100486
2023-02-05,0,101219796,0,1100486
2023-02-06,0,101219796,0,1100486
2023-02-07,0,101219796,0,1100486
2023-02-08,0,101219796,0,1100486
2023-02-09,0,101219796,0,1100486
2023-02-10,278228,101498024,3440,1103926
2023-02-11,0,101498024,0,1103926
2023-02-12,0,101498024,0,1103926
2023-02-13,0,101498024,0,1103926
2023-02-14,0,101498024,0,1103926
2023-02-15,0,101498024,0,1103926
2023-02-16,0,101498024,0,1103926
2023-02-17,254372,101752396,2857,1106783
2023-02-18,0,101752396,0,1106783
2023-02-19,0,101752396,0,1106783
2023-02-20,0,101752396,0,1106783
2023-02-21,0,101752396,0,1106783
2023-02-22,0,101752396,0,1106783
2023-02-23,0,101752396,0,1106783
2023-02-24,0,101752396,0,1106783
2023-02-25,267168,102019564,2362,1109145
2023-02-26,0,102019564,0,1109145
2023-02-27,0,102019564,0,1109145
2023-02-28,0,102019564,0,1109145
2023-03-01,0,102019564,0,1109145
2023-03-02,0,102019564,0,1109145
2023-03-03,0,102019564,0,1109145
2023-03-04,227828,102247392,2197,1111342
2023-03-05,0,102247392,0,1111342
2023-03-06,0,102247392,0,1111342
2023-03-07,0,102247392,0,1111342
2023-03-08,0,102247392,0,1111342
2023-03-09,0,102247392,0,1111342
2023-03-10,0,102247392,0,1111342
2023-03-11,170593,102417985,1887,1113229
2023-03-12,0,102417985,0,1113229
2023-03-13,0,102417985,0,1113229
2023-03-14,0,102417985,0,1113229
2023-03-15,0,102417985,0,1113229
2023-03-16,0,102417985,0,1113229
2023-03-17,0,102417985,0,1113229
2023-03-18,126613,102544598,1741,1114970
2023-03-19,0,102544598,0,1114970
2023-03-20,0,102544598,0,1114970
2023-03-21,0,102544598,0,1114970
2023-03-22,0,102544598,0,1114970
2023-03-23,0,102544598,0,1114970
2023-03-24,0,102544598,0,1114970
2023-03-25,152968,102697566,2084,1117054
2023-03-26,0,102697566,0,1117054
2023-03-27,0,102697566,0,1117054
2023-03-28,0,102697566,0,1117054
2023-03-29,0,102697566,0,1117054
2023-03-30,0,102697566,0,1117054
2023-03-31,0,102697566,0,1117054
2023-04-01,176358,102873924,1746,1118800
2023-04-02,0,102873924,0,1118800
2023-04-03,0,102873924,0,1118800
2023-04-04,0,102873924,0,1118800
2023-04-05,0,102873924,0,1118800
2023-04-06,0,102873924,0,1118800
2023-04-07,0,102873924,0,1118800
2023-04-08,0,102873924,0,1118800
2023-04-09,103472,102977396,1729,1120529
2023-04-10,0,102977396,0,1120529
2023-04-11,0,102977396,0,1120529
2023-04-12,0,102977396,0,1120529
2023-04-13,0,102977396,0,1120529
2023-04-14,0,102977396,0,1120529
2023-04-15,0,102977396,0,1120529
2023-04-16,104057,103081453,1290,1121819
2023-04-17,0,103081453,0,1121819
2023-04-18,0,103081453,0,1121819
2023-04-19,0,103081453,0,1121819
2023-04-20,0,103081453,0,1121819
2023-04-21,0,103081453,0,1121819
2023-04-22,0,103081453,0,1121819
2023-04-23,98467,103179920,1198,1123017
2023-04-24,0,103179920,0,1123017
2023-04-25,0,103179920,0,1123017
2023-04-26,0,103179920,0,1123017
2023-04-27,0,103179920,0,1123017
2023-04-28,0,103179920,0,1123017
2023-04-29,0,103179920,0,1123017
2023-04-30,86484,103266404,1046,1124063
2023-05-01,0,103266404,0,1124063
2023-05-02,0,103266404,0,1124063
2023-05-03,0,103266404,0,1124063
2023-05-04,0,103266404,0,1124063
2023-05-05,0,103266404,0,1124063
2023-05-06,0,103266404,0,1124063
2023-05-07,77165,103343569,1146,1125209
2023-05-08,0,103343569,0,1125209
2023-05-09,0,103343569,0,1125209
2023-05-10,0,103343569,0,1125209
2023-05-11,0,103343569,0,1125209
2023-05-12,0,103343569,0,1125209
2023-05-13,0,103343569,0,1125209
2023-05-14,93260,103436829,1943,1127152
2023-05-15,0,103436829,0,1127152
2023-05-16,0,103436829,0,1127152
2023-05-17,0,103436829,0,1127152
2023-05-18,0,103436829,0,1127152
2023-05-19,0,103436829,0,1127152
2023-05-20,0,103436829,0,1127152
2023-05-21,0,103436829,0,1127152
2023-05-22,0,103436829,0,1127152
2023-05-23,0,103436829,0,1127152
2023-05-24,0,103436829,0,1127152
2023-05-25,0,103436829,0,1127152
2023-05-26,0,103436829,0,1127152
2023-05-27,0,103436829,0,1127152
2023-05-28,0,103436829,0,1127152
2023-05-29,0,103436829,0,1127152
2023-05-30,0,103436829,0,1127152
2023-05-31,0,103436829,0,1127152
2023-06-01,0,103436829,0,1127152
2023-06-02,0,103436829,0,1127152
2023-06-03,0,103436829,0,1127152
2023-06-04,0,103436829,0,1127152
2023-06-05,0,103436829,0,1127152
2023-06-06,0,103436829,0,1127152
2023-06-07,0,103436829,0,1127152
2023-06-08,0,103436829,0,1127152
2023-06-09,0,103436829,0,1127152
2023-06-10,0,103436829,0,1127152
2023-06-11,0,103436829,0,1127152
2023-06-12,0,103436829,0,1127152
2023-06-13,0,103436829,0,1127152
2023-06-14,0,103436829,0,1127152
2023-06-15,0,103436829,0,1127152
2023-06-16,0,103436829,0,1127152
2023-06-17,0,103436829,0,1127152
2023-06-18,0,103436829,0,1127152
2023-06-19,0,103436829,0,1127152
2023-06-20,0,103436829,0,1127152
2023-06-21,0,103436829,0,1127152
2023-06-22,0,103436829,0,1127152
2023-06-23,0,103436829,0,1127152
2023-06-24,0,103436829,0,1127152
2023-06-25,0,103436829,0,1127152
2023-06-26,0,103436829,0,1127152
2023-06-27,0,103436829,0,1127152
2023-06-28,0,103436829,0,1127152
2023-06-29,0,103436829,0,1127152
2023-06-30,0,103436829,0,1127152
2023-07-01,0,103436829,0,1127152
2023-07-02,0,103436829,0,1127152
2023-07-03,0,103436829,0,1127152
2023-07-04,0,103436829,0,1127152
2023-07-05,0,103436829,0,1127152
